,terse_version_3,fio_version,jobname,groupid,error,read_kb,read_bandwidth_kb,read_iops,read_runtime_ms,read_slat_min_us,read_slat_max_us,read_slat_mean_us,read_slat_dev_us,read_clat_min_us,read_clat_max_us,read_clat_mean_us,read_clat_dev_us,read_clat_pct01,read_clat_pct02,read_clat_pct03,read_clat_pct04,read_clat_pct05,read_clat_pct06,read_clat_pct07,read_clat_pct08,read_clat_pct09,read_clat_pct10,read_clat_pct11,read_clat_pct12,read_clat_pct13,read_clat_pct14,read_clat_pct15,read_clat_pct16,read_clat_pct17,read_clat_pct18,read_clat_pct19,read_clat_pct20,read_tlat_min_us,read_lat_max_us,read_lat_mean_us,read_lat_dev_us,read_bw_min_kb,read_bw_max_kb,read_bw_agg_pct,read_bw_mean_kb,read_bw_dev_kb,write_kb,write_bandwidth_kb,write_iops,write_runtime_ms,write_slat_min_us,write_slat_max_us,write_slat_mean_us,write_slat_dev_us,write_clat_min_us,write_clat_max_us,write_clat_mean_us,write_clat_dev_us,write_clat_pct01,write_clat_pct02,write_clat_pct03,write_clat_pct04,write_clat_pct05,write_clat_pct06,write_clat_pct07,write_clat_pct08,write_clat_pct09,write_clat_pct10,write_clat_pct11,write_clat_pct12,write_clat_pct13,write_clat_pct14,write_clat_pct15,write_clat_pct16,write_clat_pct17,write_clat_pct18,write_clat_pct19,write_clat_pct20,write_tlat_min_us,write_lat_max_us,write_lat_mean_us,write_lat_dev_us,write_bw_min_kb,write_bw_max_kb,write_bw_agg_pct,write_bw_mean_kb,write_bw_dev_kb,cpu_user,cpu_sys,cpu_csw,cpu_mjf,cpu_minf,iodepth_1,iodepth_2,iodepth_4,iodepth_8,iodepth_16,iodepth_32,iodepth_64,lat_2us,lat_4us,lat_10us,lat_20us,lat_50us,lat_100us,lat_250us,lat_500us,lat_750us,lat_1000us,lat_2ms,lat_4ms,lat_10ms,lat_20ms,lat_50ms,lat_100ms,lat_250ms,lat_500ms,lat_750ms,lat_1000ms,lat_2000ms,lat_over_2000ms,description,rw-cat,rw_full,bs,bs_num,nj,read_bw_mean_gb,write_bw_mean_gb
4,3,fio-3.23,SeqR-4K-16-taskset-cpu-args,0.0,0.0,11694332.0,194899.0,48724.0,60002.0,0.0,0.0,0.0,0.0,138.0,250373.0,327.80346,974.192494,1.000000%=191,5.000000%=244,10.000000%=276,20.000000%=288,30.000000%=301,40.000000%=309,50.000000%=313,60.000000%=321,70.000000%=329,80.000000%=342,90.000000%=354,95.000000%=370,99.000000%=419,99.500000%=448,99.900000%=522,99.950000%=4112,99.990000%=44826,0%=0,0%=0,0%=0,138.0,250373.0,327.848653,974.192506,94344.0,219792.0,100.000000%,195073.411765,1153.494534,0.0,0.0,0.0,0.0,0.0,0.0,0.0,0.0,0.0,0.0,0.0,0.0,1.000000%=0,5.000000%=0,10.000000%=0,20.000000%=0,30.000000%=0,40.000000%=0,50.000000%=0,60.000000%=0,70.000000%=0,80.000000%=0,90.000000%=0,95.000000%=0,99.000000%=0,99.500000%=0,99.900000%=0,99.950000%=0,99.990000%=0,0%=0,0%=0,0%=0,0.0,0.0,0.0,0.0,0.0,0.0,0.000000%,0.0,0.0,0.416978%,1.313435%,2923674.0,0.0,189.0,100.0%,0.0%,0.0%,0.0%,0.0%,0.0%,0.0%,0.00%,0.00%,0.00%,0.00%,0.00%,0.00%,5.32%,94.54%,0.06%,0.01%,0.01%,0.01%,0.03%,0.01%,0.01%,0.01%,0.01%,0.01%,0.00%,0.00%,0.00%,0.00%,SeqR-4K-16,SeqR,Sequential Read-only,4K,4096,16,0.1860365026140213,0.0
9,3,fio-3.23,SeqR-16K-16-taskset-cpu-args,0.0,0.0,41249856.0,687486.0,42967.0,60001.0,0.0,0.0,0.0,0.0,130.0,279948.0,371.831443,1338.538972,1.000000%=199,5.000000%=250,10.000000%=292,20.000000%=317,30.000000%=329,40.000000%=337,50.000000%=346,60.000000%=354,70.000000%=362,80.000000%=370,90.000000%=387,95.000000%=399,99.000000%=464,99.500000%=493,99.900000%=5472,99.950000%=15532,99.990000%=69730,0%=0,0%=0,0%=0,130.0,279948.0,371.874612,1338.53897,210112.0,813088.0,100.000000%,688146.016807,6865.918989,0.0,0.0,0.0,0.0,0.0,0.0,0.0,0.0,0.0,0.0,0.0,0.0,1.000000%=0,5.000000%=0,10.000000%=0,20.000000%=0,30.000000%=0,40.000000%=0,50.000000%=0,60.000000%=0,70.000000%=0,80.000000%=0,90.000000%=0,95.000000%=0,99.000000%=0,99.500000%=0,99.900000%=0,99.950000%=0,99.990000%=0,0%=0,0%=0,0%=0,0.0,0.0,0.0,0.0,0.0,0.0,0.000000%,0.0,0.0,0.332708%,1.310729%,2578205.0,0.0,242.0,100.0%,0.0%,0.0%,0.0%,0.0%,0.0%,0.0%,0.00%,0.00%,0.00%,0.00%,0.00%,0.00%,4.97%,94.59%,0.22%,0.03%,0.05%,0.03%,0.05%,0.02%,0.02%,0.02%,0.01%,0.01%,0.00%,0.00%,0.00%,0.00%,SeqR-16K-16,SeqR,Sequential Read-only,16K,16384,16,0.6562671821660996,0.0
14,3,fio-3.23,SeqR-1M-16-taskset-cpu-args,0.0,0.0,265088000.0,4417838.0,4314.0,60004.0,0.0,0.0,0.0,0.0,453.0,262717.0,3707.045848,4980.056483,1.000000%=929,5.000000%=2768,10.000000%=3227,20.000000%=3325,30.000000%=3358,40.000000%=3358,50.000000%=3358,60.000000%=3391,70.000000%=3424,80.000000%=3457,90.000000%=3555,95.000000%=3719,99.000000%=10682,99.500000%=25559,99.900000%=85458,99.950000%=98041,99.990000%=185597,0%=0,0%=0,0%=0,453.0,262717.0,3707.082701,4980.061514,309248.0,5726208.0,100.000000%,4419411.89916,60737.944715,0.0,0.0,0.0,0.0,0.0,0.0,0.0,0.0,0.0,0.0,0.0,0.0,1.000000%=0,5.000000%=0,10.000000%=0,20.000000%=0,30.000000%=0,40.000000%=0,50.000000%=0,60.000000%=0,70.000000%=0,80.000000%=0,90.000000%=0,95.000000%=0,99.000000%=0,99.500000%=0,99.900000%=0,99.950000%=0,99.990000%=0,0%=0,0%=0,0%=0,0.0,0.0,0.0,0.0,0.0,0.0,0.000000%,0.0,0.0,0.020312%,0.271660%,258955.0,1.0,183.0,100.0%,0.0%,0.0%,0.0%,0.0%,0.0%,0.0%,0.00%,0.00%,0.00%,0.00%,0.00%,0.00%,0.00%,0.06%,0.68%,0.34%,1.10%,94.74%,2.04%,0.43%,0.35%,0.21%,0.04%,0.01%,0.00%,0.00%,0.00%,0.00%,SeqR-1M-16,SeqR,Sequential Read-only,1M,1048576,16,4.21467962184906,0.0
19,3,fio-3.23,SeqR-2M-16-taskset-cpu-args,0.0,0.0,235945984.0,3932170.0,1920.0,60004.0,0.0,0.0,0.0,0.0,1081.0,308504.0,8330.115867,6830.277178,1.000000%=4079,5.000000%=6914,10.000000%=7241,20.000000%=7569,30.000000%=7700,40.000000%=7831,50.000000%=7897,60.000000%=8028,70.000000%=8093,80.000000%=8224,90.000000%=8454,95.000000%=8716,99.000000%=16580,99.500000%=36962,99.900000%=116916,99.950000%=145752,99.990000%=246415,0%=0,0%=0,0%=0,1081.0,308504.0,8330.157609,6830.283936,552960.0,4464640.0,100.000000%,3934569.411765,41937.414252,0.0,0.0,0.0,0.0,0.0,0.0,0.0,0.0,0.0,0.0,0.0,0.0,1.000000%=0,5.000000%=0,10.000000%=0,20.000000%=0,30.000000%=0,40.000000%=0,50.000000%=0,60.000000%=0,70.000000%=0,80.000000%=0,90.000000%=0,95.000000%=0,99.000000%=0,99.500000%=0,99.900000%=0,99.950000%=0,99.990000%=0,0%=0,0%=0,0%=0,0.0,0.0,0.0,0.0,0.0,0.0,0.000000%,0.0,0.0,0.015729%,0.352594%,230496.0,0.0,3211.0,100.0%,0.0%,0.0%,0.0%,0.0%,0.0%,0.0%,0.00%,0.00%,0.00%,0.00%,0.00%,0.00%,0.00%,0.00%,0.00%,0.00%,0.43%,0.55%,97.33%,0.88%,0.41%,0.27%,0.13%,0.01%,0.00%,0.00%,0.00%,0.00%,SeqR-2M-16,SeqR,Sequential Read-only,2M,2097152,16,3.7522977941179274,0.0
24,3,fio-3.23,SeqR-4M-16-taskset-cpu-args,0.0,0.0,177479680.0,2957353.0,722.0,60013.0,0.0,0.0,0.0,0.0,2394.0,544477.0,22150.298319,14230.979672,1.000000%=9633,5.000000%=19529,10.000000%=20054,20.000000%=20316,30.000000%=20578,40.000000%=20578,50.000000%=20840,60.000000%=20840,70.000000%=21102,80.000000%=21364,90.000000%=21889,95.000000%=22937,99.000000%=69730,99.500000%=125304,99.900000%=244318,99.950000%=278921,99.990000%=316669,0%=0,0%=0,0%=0,2394.0,544477.0,22150.339133,14230.989994,401408.0,4112384.0,100.000000%,2958959.210084,37104.570413,0.0,0.0,0.0,0.0,0.0,0.0,0.0,0.0,0.0,0.0,0.0,0.0,1.000000%=0,5.000000%=0,10.000000%=0,20.000000%=0,30.000000%=0,40.000000%=0,50.000000%=0,60.000000%=0,70.000000%=0,80.000000%=0,90.000000%=0,95.000000%=0,99.000000%=0,99.500000%=0,99.900000%=0,99.950000%=0,99.990000%=0,0%=0,0%=0,0%=0,0.0,0.0,0.0,0.0,0.0,0.0,0.000000%,0.0,0.0,0.009061%,0.277779%,173401.0,0.0,7787.0,100.0%,0.0%,0.0%,0.0%,0.0%,0.0%,0.0%,0.00%,0.00%,0.00%,0.00%,0.00%,0.00%,0.00%,0.00%,0.00%,0.00%,0.00%,0.23%,0.82%,9.22%,88.37%,0.67%,0.60%,0.08%,0.01%,0.00%,0.00%,0.00%,SeqR-4M-16,SeqR,Sequential Read-only,4M,4194304,16,2.8218834019508363,0.0
29,3,fio-3.23,SeqRH-4K-16-taskset-cpu-args,0.0,0.0,9328596.0,155471.0,38867.0,60002.0,0.0,0.0,0.0,0.0,112.0,506753.0,331.396932,1078.372563,1.000000%=179,5.000000%=224,10.000000%=250,20.000000%=272,30.000000%=288,40.000000%=305,50.000000%=317,60.000000%=333,70.000000%=346,80.000000%=358,90.000000%=378,95.000000%=399,99.000000%=477,99.500000%=505,99.900000%=643,99.950000%=4358,99.990000%=43253,0%=0,0%=0,0%=0,113.0,506753.0,331.438866,1078.372714,54848.0,193008.0,100.000000%,155695.327731,1528.521686,2333092.0,38883.0,9720.0,60002.0,0.0,0.0,0.0,0.0,120.0,467798.0,316.801534,1932.553089,1.000000%=148,5.000000%=168,10.000000%=187,20.000000%=226,30.000000%=250,40.000000%=268,50.000000%=280,60.000000%=296,70.000000%=313,80.000000%=325,90.000000%=346,95.000000%=362,99.000000%=407,99.500000%=452,99.900000%=7110,99.950000%=15925,99.990000%=93847,0%=0,0%=0,0%=0,120.0,467798.0,316.852106,1932.553244,13000.0,50576.0,100.000000%,38939.428571,401.408772,0.453228%,1.457914%,2915546.0,0.0,254.0,100.0%,0.0%,0.0%,0.0%,0.0%,0.0%,0.0%,0.00%,0.00%,0.00%,0.00%,0.00%,0.00%,13.59%,85.89%,0.40%,0.01%,0.01%,0.02%,0.04%,0.01%,0.01%,0.01%,0.01%,0.01%,0.01%,0.00%,0.00%,0.00%,SeqRH-4K-16,SeqRH,Sequential Read-heavy 4:1,4K,4096,16,0.14848263524150848,0.03713553292369842
34,3,fio-3.23,SeqRH-16K-16-taskset-cpu-args,0.0,0.0,31155984.0,519257.0,32453.0,60001.0,0.0,0.0,0.0,0.0,131.0,264096.0,396.367737,1212.350906,1.000000%=211,5.000000%=257,10.000000%=305,20.000000%=342,30.000000%=358,40.000000%=366,50.000000%=374,60.000000%=382,70.000000%=395,80.000000%=407,90.000000%=432,95.000000%=464,99.000000%=528,99.500000%=544,99.900000%=2998,99.950000%=9502,99.990000%=68681,0%=0,0%=0,0%=0,131.0,264096.0,396.410106,1212.350958,132896.0,587808.0,100.000000%,519708.504202,5483.278155,7790432.0,129838.0,8114.0,60001.0,0.0,0.0,0.0,0.0,142.0,273074.0,378.93388,1946.046488,1.000000%=187,5.000000%=216,10.000000%=259,20.000000%=296,30.000000%=313,40.000000%=321,50.000000%=333,60.000000%=342,70.000000%=354,80.000000%=366,90.000000%=387,95.000000%=407,99.000000%=473,99.500000%=505,99.900000%=9502,99.950000%=27131,99.990000%=96993,0%=0,0%=0,0%=0,143.0,273075.0,379.0622,1946.046228,33152.0,158912.0,100.000000%,129955.764706,1450.700566,0.607917%,1.425000%,2434270.0,0.0,245.0,100.0%,0.0%,0.0%,0.0%,0.0%,0.0%,0.0%,0.00%,0.00%,0.00%,0.00%,0.00%,0.00%,5.15%,92.86%,1.83%,0.01%,0.02%,0.02%,0.05%,0.02%,0.02%,0.02%,0.01%,0.01%,0.00%,0.00%,0.00%,0.00%,SeqRH-16K-16,SeqRH,Sequential Read-heavy 4:1,16K,16384,16,0.49563265247535704,0.12393547506904602
39,3,fio-3.23,SeqRH-1M-16-taskset-cpu-args,0.0,0.0,177551360.0,2958992.0,2889.0,60004.0,0.0,0.0,0.0,0.0,534.0,693932.0,4452.023325,5658.956431,1.000000%=1028,5.000000%=2998,10.000000%=3293,20.000000%=3620,30.000000%=3817,40.000000%=3981,50.000000%=4145,60.000000%=4292,70.000000%=4423,80.000000%=4620,90.000000%=4947,95.000000%=5210,99.000000%=10289,99.500000%=26345,99.900000%=82313,99.950000%=99090,99.990000%=214958,0%=0,0%=0,0%=0,534.0,693932.0,4452.064907,5658.962182,235072.0,3725473.0,100.000000%,2961043.731092,40891.660747,44536832.0,742231.0,724.0,60004.0,0.0,0.0,0.0,0.0,877.0,383261.0,4112.816971,6377.086865,1.000000%=1335,5.000000%=2244,10.000000%=2572,20.000000%=2998,30.000000%=3260,40.000000%=3489,50.000000%=3686,60.000000%=3915,70.000000%=4145,80.000000%=4423,90.000000%=4751,95.000000%=5079,99.000000%=12124,99.500000%=28704,99.900000%=94896,99.950000%=132644,99.990000%=229638,0%=0,0%=0,0%=0,877.0,383261.0,4112.881162,6377.100375,79726.0,1211205.0,100.000000%,743672.315625,13182.428003,0.948427%,0.351975%,217000.0,0.0,227.0,100.0%,0.0%,0.0%,0.0%,0.0%,0.0%,0.0%,0.00%,0.00%,0.00%,0.00%,0.00%,0.00%,0.00%,0.00%,0.19%,0.56%,1.48%,43.65%,53.08%,0.41%,0.34%,0.22%,0.05%,0.01%,0.01%,0.00%,0.00%,0.00%,SeqRH-1M-16,SeqRH,Sequential Read-heavy 4:1,1M,1048576,16,2.823871356098175,0.7092211872339249
44,3,fio-3.23,SeqRH-2M-16-taskset-cpu-args,0.0,0.0,213473280.0,3557650.0,1737.0,60004.0,0.0,0.0,0.0,0.0,1061.0,1416687.0,7370.614569,11476.300035,1.000000%=2506,5.000000%=5275,10.000000%=5799,20.000000%=6193,30.000000%=6389,40.000000%=6586,50.000000%=6782,60.000000%=6979,70.000000%=7110,80.000000%=7307,90.000000%=7634,95.000000%=7897,99.000000%=17170,99.500000%=51118,99.900000%=147849,99.950000%=179306,99.990000%=295698,0%=0,0%=0,0%=0,1061.0,1416687.0,7370.671695,11476.3051,286258.0,6500161.0,100.000000%,3575202.964286,57285.402293,52801536.0,879966.0,429.0,60004.0,0.0,0.0,0.0,0.0,1809.0,887734.0,7092.368178,12645.905095,1.000000%=2605,5.000000%=4554,10.000000%=5079,20.000000%=5603,30.000000%=5865,40.000000%=6127,50.000000%=6324,60.000000%=6586,70.000000%=6848,80.000000%=7110,90.000000%=7569,95.000000%=7897,99.000000%=18481,99.500000%=60030,99.900000%=166723,99.950000%=208666,99.990000%=775946,0%=0,0%=0,0%=0,1810.0,887734.0,7092.485159,12645.915299,69524.0,1865187.0,100.000000%,890352.042966,18882.83274,0.869153%,0.271142%,260149.0,0.0,241.0,100.0%,0.0%,0.0%,0.0%,0.0%,0.0%,0.0%,0.00%,0.00%,0.00%,0.00%,0.00%,0.00%,0.00%,0.00%,0.00%,0.00%,0.45%,2.40%,95.66%,0.60%,0.39%,0.27%,0.22%,0.01%,0.01%,0.01%,0.01%,0.00%,SeqRH-2M-16,SeqRH,Sequential Read-heavy 4:1,2M,2097152,16,3.4095792429790497,0.8491058759365082
49,3,fio-3.23,SeqRH-4M-16-taskset-cpu-args,0.0,0.0,144359424.0,2405148.0,587.0,60021.0,0.0,0.0,0.0,0.0,3020.0,441532.0,22119.471167,15907.52985,1.000000%=9240,5.000000%=16187,10.000000%=17694,20.000000%=19005,30.000000%=19529,40.000000%=20054,50.000000%=20578,60.000000%=21102,70.000000%=21626,80.000000%=22413,90.000000%=23199,95.000000%=24248,99.000000%=83361,99.500000%=135266,99.900000%=267386,99.950000%=295698,99.990000%=379584,0%=0,0%=0,0%=0,3021.0,441532.0,22119.528739,15907.543725,311246.0,3391488.0,100.000000%,2410768.447942,34400.803895,36048896.0,600604.0,146.0,60021.0,0.0,0.0,0.0,0.0,4306.0,379750.0,19715.273291,18375.890018,1.000000%=9371,5.000000%=13434,10.000000%=14483,20.000000%=15663,30.000000%=16449,40.000000%=17170,50.000000%=17694,60.000000%=18219,70.000000%=19005,80.000000%=19791,90.000000%=20840,95.000000%=22151,99.000000%=98041,99.500000%=156237,99.900000%=287309,99.950000%=325058,99.990000%=379584,0%=0,0%=0,0%=0,4306.0,379750.0,19715.492799,18375.915544,130885.0,1409024.0,100.000000%,611344.126601,16926.541166,0.704374%,0.208719%,176299.0,0.0,209.0,100.0%,0.0%,0.0%,0.0%,0.0%,0.0%,0.0%,0.00%,0.00%,0.00%,0.00%,0.00%,0.00%,0.00%,0.00%,0.00%,0.00%,0.00%,0.13%,1.07%,45.33%,51.75%,0.91%,0.66%,0.15%,0.00%,0.00%,0.00%,0.00%,SeqRH-4M-16,SeqRH,Sequential Read-heavy 4:1,4M,4194304,16,2.299087951604843,0.5830231920251846
54,3,fio-3.23,SeqBal-4K-16-taskset-cpu-args,0.0,0.0,6803480.0,113389.0,28347.0,60001.0,0.0,0.0,0.0,0.0,117.0,225852.0,308.698065,1127.545603,1.000000%=183,5.000000%=209,10.000000%=226,20.000000%=244,30.000000%=259,40.000000%=272,50.000000%=284,60.000000%=296,70.000000%=309,80.000000%=325,90.000000%=354,95.000000%=387,99.000000%=460,99.500000%=514,99.900000%=1318,99.950000%=7700,99.990000%=58458,0%=0,0%=0,0%=0,117.0,225852.0,308.743937,1127.545653,60976.0,138576.0,100.000000%,113583.361345,957.829844,6820200.0,113668.0,28417.0,60001.0,0.0,0.0,0.0,0.0,110.0,236727.0,252.792036,1154.615961,1.000000%=138,5.000000%=154,10.000000%=164,20.000000%=181,30.000000%=197,40.000000%=214,50.000000%=230,60.000000%=244,70.000000%=259,80.000000%=276,90.000000%=296,95.000000%=317,99.000000%=382,99.500000%=544,99.900000%=1466,99.950000%=8028,99.990000%=53215,0%=0,0%=0,0%=0,110.0,236727.0,252.846065,1154.616085,61144.0,141288.0,100.000000%,113855.697479,973.714323,0.708438%,1.559479%,3406036.0,0.0,247.0,100.0%,0.0%,0.0%,0.0%,0.0%,0.0%,0.0%,0.00%,0.00%,0.00%,0.00%,0.00%,0.00%,43.10%,56.36%,0.24%,0.12%,0.09%,0.02%,0.03%,0.02%,0.01%,0.01%,0.01%,0.00%,0.00%,0.00%,0.00%,0.00%,SeqBal-4K-16,SeqBal,Sequential Balanced 1:1,4K,4096,16,0.10832153448581695,0.10858125446224212
59,3,fio-3.23,SeqBal-16K-16-taskset-cpu-args,0.0,0.0,21027616.0,350454.0,21903.0,60001.0,0.0,0.0,0.0,0.0,132.0,405118.0,398.905907,1394.47066,1.000000%=220,5.000000%=272,10.000000%=296,20.000000%=321,30.000000%=333,40.000000%=346,50.000000%=358,60.000000%=370,70.000000%=391,80.000000%=419,90.000000%=460,95.000000%=489,99.000000%=536,99.500000%=569,99.900000%=5603,99.950000%=15400,99.990000%=77070,0%=0,0%=0,0%=0,132.0,405118.0,398.950228,1394.470799,97888.0,411648.0,100.000000%,351600.151261,3772.194437,21021344.0,350349.0,21896.0,60001.0,0.0,0.0,0.0,0.0,137.0,292500.0,326.342427,1572.352354,1.000000%=177,5.000000%=199,10.000000%=224,20.000000%=254,30.000000%=272,40.000000%=284,50.000000%=296,60.000000%=305,70.000000%=317,80.000000%=329,90.000000%=346,95.000000%=366,99.000000%=419,99.500000%=444,99.900000%=6586,99.950000%=16318,99.990000%=82313,0%=0,0%=0,0%=0,137.0,292500.0,326.464831,1572.352223,102464.0,411584.0,100.000000%,351477.831933,3780.662983,0.998021%,1.539479%,2628176.0,0.0,251.0,100.0%,0.0%,0.0%,0.0%,0.0%,0.0%,0.0%,0.00%,0.00%,0.00%,0.00%,0.00%,0.00%,10.44%,87.65%,1.72%,0.01%,0.02%,0.03%,0.05%,0.03%,0.02%,0.02%,0.01%,0.01%,0.00%,0.00%,0.00%,0.00%,SeqBal-16K-16,SeqBal,Sequential Balanced 1:1,16K,16384,16,0.3353120339021683,0.3351953811006546
64,3,fio-3.23,SeqBal-1M-16-taskset-cpu-args,0.0,0.0,136497152.0,2274876.0,2221.0,60002.0,0.0,0.0,0.0,0.0,581.0,775214.0,3696.595545,7237.135844,1.000000%=954,5.000000%=1662,10.000000%=2113,20.000000%=2506,30.000000%=2801,40.000000%=3031,50.000000%=3227,60.000000%=3424,70.000000%=3620,80.000000%=3883,90.000000%=4227,95.000000%=4554,99.000000%=15663,99.500000%=40108,99.900000%=88604,99.950000%=112721,99.990000%=235929,0%=0,0%=0,0%=0,581.0,775214.0,3696.644432,7237.141788,137098.0,3730806.0,100.000000%,2284818.631748,44703.455186,136201216.0,2269944.0,2216.0,60002.0,0.0,0.0,0.0,0.0,781.0,859209.0,3304.897164,7744.682297,1.000000%=1105,5.000000%=1351,10.000000%=1613,20.000000%=1974,30.000000%=2244,40.000000%=2473,50.000000%=2670,60.000000%=2899,70.000000%=3162,80.000000%=3489,90.000000%=3915,95.000000%=4292,99.000000%=16908,99.500000%=44826,99.900000%=92798,99.950000%=116916,99.990000%=254803,0%=0,0%=0,0%=0,781.0,859209.0,3304.967581,7744.696803,139062.0,3816817.0,100.000000%,2281531.681359,44832.674802,2.867580%,0.407809%,266444.0,0.0,230.0,100.0%,0.0%,0.0%,0.0%,0.0%,0.0%,0.0%,0.00%,0.00%,0.00%,0.00%,0.00%,0.00%,0.00%,0.00%,0.05%,0.73%,13.80%,72.88%,11.25%,0.42%,0.46%,0.35%,0.06%,0.01%,0.01%,0.01%,0.00%,0.00%,SeqBal-1M-16,SeqBal,Sequential Balanced 1:1,1M,1048576,16,2.1789728467445375,2.1758381665792466
69,3,fio-3.23,SeqBal-2M-16-taskset-cpu-args,0.0,0.0,140611584.0,2343331.0,1144.0,60005.0,0.0,0.0,0.0,0.0,1208.0,629217.0,7119.248146,10762.013789,1.000000%=1908,5.000000%=3162,10.000000%=4046,20.000000%=4882,30.000000%=5406,40.000000%=5799,50.000000%=6127,60.000000%=6455,70.000000%=6782,80.000000%=7241,90.000000%=7831,95.000000%=8454,99.000000%=46399,99.500000%=77070,99.900000%=147849,99.950000%=181403,99.990000%=287309,0%=0,0%=0,0%=0,1208.0,629217.0,7119.302755,10762.026305,159744.0,4276224.0,100.000000%,2346385.850093,48063.361236,140283904.0,2337870.0,1141.0,60005.0,0.0,0.0,0.0,0.0,1698.0,507280.0,6463.29195,11422.699317,1.000000%=2277,5.000000%=2867,10.000000%=3391,20.000000%=4014,30.000000%=4489,40.000000%=4882,50.000000%=5275,60.000000%=5668,70.000000%=6062,80.000000%=6455,90.000000%=7176,95.000000%=8028,99.000000%=46923,99.500000%=79167,99.900000%=158334,99.950000%=223346,99.990000%=362807,0%=0,0%=0,0%=0,1698.0,507280.0,6463.422183,11422.719882,151552.0,4132864.0,100.000000%,2339223.290913,48918.667456,2.955337%,0.410406%,274454.0,0.0,225.0,100.0%,0.0%,0.0%,0.0%,0.0%,0.0%,0.0%,0.00%,0.00%,0.00%,0.00%,0.00%,0.00%,0.00%,0.00%,0.00%,0.00%,0.75%,13.79%,82.62%,0.87%,1.04%,0.66%,0.25%,0.03%,0.01%,0.00%,0.00%,0.00%,SeqBal-2M-16,SeqBal,Sequential Balanced 1:1,2M,2097152,16,2.2376879216127397,2.2308571728830335
74,3,fio-3.23,SeqBal-4M-16-taskset-cpu-args,0.0,0.0,135630848.0,2260062.0,551.0,60012.0,0.0,0.0,0.0,0.0,2931.0,362113.0,15051.38915,13283.464201,1.000000%=6389,5.000000%=9371,10.000000%=10551,20.000000%=11862,30.000000%=12648,40.000000%=13303,50.000000%=13959,60.000000%=14614,70.000000%=15269,80.000000%=15925,90.000000%=16908,95.000000%=18219,99.000000%=52166,99.500000%=101187,99.900000%=233832,99.950000%=278921,99.990000%=316669,0%=0,0%=0,0%=0,2931.0,362113.0,15051.447656,13283.477869,172032.0,3506176.0,100.000000%,2265648.186298,40509.780158,135450624.0,2257058.0,551.0,60012.0,0.0,0.0,0.0,0.0,3880.0,370680.0,13136.271012,14277.175489,1.000000%=5734,5.000000%=7503,10.000000%=8355,20.000000%=9502,30.000000%=10420,40.000000%=11206,50.000000%=11862,60.000000%=12386,70.000000%=13041,80.000000%=13828,90.000000%=15138,95.000000%=16449,99.000000%=58458,99.500000%=108527,99.900000%=248512,99.950000%=295698,99.990000%=337641,0%=0,0%=0,0%=0,3880.0,370680.0,13136.46314,14277.198628,188416.0,3530752.0,100.000000%,2261960.567797,41832.950645,2.828740%,0.284353%,264862.0,0.0,212.0,100.0%,0.0%,0.0%,0.0%,0.0%,0.0%,0.0%,0.00%,0.00%,0.00%,0.00%,0.00%,0.00%,0.00%,0.00%,0.00%,0.00%,0.00%,0.10%,16.00%,81.46%,1.33%,0.57%,0.45%,0.09%,0.00%,0.00%,0.00%,0.00%,SeqBal-4M-16,SeqBal,Sequential Balanced 1:1,4M,4194304,16,2.1606904852848055,2.157173698231697
79,3,fio-3.23,SeqWH-4K-16-taskset-cpu-args,0.0,0.0,2954904.0,49247.0,12311.0,60001.0,0.0,0.0,0.0,0.0,118.0,488930.0,338.169057,1482.303455,1.000000%=193,5.000000%=222,10.000000%=236,20.000000%=254,30.000000%=272,40.000000%=288,50.000000%=309,60.000000%=321,70.000000%=337,80.000000%=354,90.000000%=378,95.000000%=403,99.000000%=456,99.500000%=481,99.900000%=4685,99.950000%=15007,99.990000%=78118,0%=0,0%=0,0%=0,118.0,488930.0,338.21806,1482.303713,16936.0,59960.0,100.000000%,49293.323458,479.154014,11813452.0,196887.0,49221.0,60001.0,0.0,0.0,0.0,0.0,110.0,887361.0,238.675011,1238.803116,1.000000%=134,5.000000%=154,10.000000%=171,20.000000%=189,30.000000%=201,40.000000%=209,50.000000%=218,60.000000%=226,70.000000%=236,80.000000%=248,90.000000%=268,95.000000%=292,99.000000%=342,99.500000%=362,99.900000%=1236,99.950000%=6389,99.990000%=55836,0%=0,0%=0,0%=0,110.0,887361.0,238.731501,1238.803167,69568.0,231096.0,100.000000%,197037.596354,1859.350572,0.901563%,1.720104%,3692212.0,0.0,250.0,100.0%,0.0%,0.0%,0.0%,0.0%,0.0%,0.0%,0.00%,0.00%,0.00%,0.00%,0.00%,0.00%,68.07%,31.77%,0.04%,0.01%,0.03%,0.01%,0.03%,0.02%,0.01%,0.01%,0.01%,0.01%,0.00%,0.01%,0.00%,0.00%,SeqWH-4K-16,SeqWH,Sequential Write-heavy 1:4,4K,4096,16,0.047009776552200316,0.18790969500923158
84,3,fio-3.23,SeqWH-16K-16-taskset-cpu-args,0.0,0.0,11810704.0,196605.0,12287.0,60073.0,0.0,0.0,0.0,0.0,128.0,271760.0,388.750929,1355.247709,1.000000%=191,5.000000%=226,10.000000%=246,20.000000%=276,30.000000%=301,40.000000%=321,50.000000%=346,60.000000%=370,70.000000%=403,80.000000%=436,90.000000%=485,95.000000%=528,99.000000%=602,99.500000%=626,99.900000%=7176,99.950000%=17694,99.990000%=71827,0%=0,0%=0,0%=0,128.0,271760.0,388.799281,1355.247903,32096.0,247680.0,100.000000%,197973.067227,2224.173478,47233408.0,786266.0,49141.0,60073.0,0.0,0.0,0.0,0.0,124.0,346186.0,223.913055,1119.94816,1.000000%=144,5.000000%=154,10.000000%=162,20.000000%=173,30.000000%=181,40.000000%=189,50.000000%=197,60.000000%=205,70.000000%=218,80.000000%=232,90.000000%=252,95.000000%=268,99.000000%=309,99.500000%=329,99.900000%=1908,99.950000%=9240,99.990000%=53739,0%=0,0%=0,0%=0,124.0,346186.0,223.968382,1119.948246,122336.0,958432.0,100.000000%,791735.781513,8710.204994,1.547322%,1.596580%,3690373.0,0.0,242.0,100.0%,0.0%,0.0%,0.0%,0.0%,0.0%,0.0%,0.00%,0.00%,0.00%,0.00%,0.00%,0.00%,73.39%,24.93%,1.52%,0.01%,0.04%,0.02%,0.04%,0.02%,0.02%,0.01%,0.01%,0.01%,0.00%,0.00%,0.00%,0.00%,SeqWH-16K-16,SeqWH,Sequential Write-heavy 1:4,16K,16384,16,0.1888018295545578,0.7550580802087784
89,3,fio-3.23,SeqWH-1M-16-taskset-cpu-args,0.0,0.0,82960384.0,1382603.0,1350.0,60003.0,0.0,0.0,0.0,0.0,572.0,343158.0,3159.703114,6357.900761,1.000000%=1089,5.000000%=1449,10.000000%=1679,20.000000%=2023,30.000000%=2277,40.000000%=2473,50.000000%=2703,60.000000%=2932,70.000000%=3162,80.000000%=3457,90.000000%=3948,95.000000%=4423,99.000000%=6914,99.500000%=23986,99.900000%=103284,99.950000%=143654,99.990000%=252706,0%=0,0%=0,0%=0,572.0,343159.0,3159.757415,6357.90673,49152.0,2224988.0,100.000000%,1388543.633029,28774.705356,331420672.0,5523401.0,5393.0,60003.0,0.0,0.0,0.0,0.0,726.0,444708.0,1946.635093,4674.709066,1.000000%=962,5.000000%=1089,10.000000%=1171,20.000000%=1302,30.000000%=1417,40.000000%=1515,50.000000%=1613,60.000000%=1712,70.000000%=1826,80.000000%=1990,90.000000%=2211,95.000000%=2473,99.000000%=4423,99.500000%=16711,99.900000%=76021,99.950000%=92798,99.990000%=181403,0%=0,0%=0,0%=0,726.0,444708.0,1946.712148,4674.719838,245760.0,7944169.0,100.000000%,5526310.756303,106948.599807,7.711498%,0.623536%,404855.0,0.0,228.0,100.0%,0.0%,0.0%,0.0%,0.0%,0.0%,0.0%,0.00%,0.00%,0.00%,0.00%,0.00%,0.00%,0.00%,0.00%,0.02%,1.60%,66.91%,28.81%,1.96%,0.24%,0.26%,0.16%,0.05%,0.01%,0.00%,0.00%,0.00%,0.00%,SeqWH-1M-16,SeqWH,Sequential Write-heavy 1:4,1M,1048576,16,1.3242184000291823,5.27030063276577
94,3,fio-3.23,SeqWH-2M-16-taskset-cpu-args,0.0,0.0,75579392.0,1259551.0,615.0,60005.0,0.0,0.0,0.0,0.0,1758.0,439062.0,7095.779234,10595.85721,1.000000%=2637,5.000000%=3358,10.000000%=3915,20.000000%=4685,30.000000%=5275,40.000000%=5734,50.000000%=6193,60.000000%=6651,70.000000%=7241,80.000000%=7962,90.000000%=9109,95.000000%=10289,99.000000%=20840,99.500000%=50593,99.900000%=183500,99.950000%=248512,99.990000%=362807,0%=0,0%=0,0%=0,1758.0,439063.0,7095.849129,10595.864679,85920.0,2125038.0,100.000000%,1264767.302722,26177.446792,303816704.0,5063189.0,2472.0,60005.0,0.0,0.0,0.0,0.0,1632.0,579125.0,4291.662868,7943.66361,1.000000%=2211,5.000000%=2473,10.000000%=2703,20.000000%=2998,30.000000%=3227,40.000000%=3424,50.000000%=3620,60.000000%=3850,70.000000%=4112,80.000000%=4423,90.000000%=4947,95.000000%=5472,99.000000%=14483,99.500000%=39583,99.900000%=120061,99.950000%=156237,99.990000%=283115,0%=0,0%=0,0%=0,1632.0,579126.0,4291.809821,7943.677513,380589.0,7179405.0,100.000000%,5067627.966387,91253.624447,6.420119%,0.361239%,370706.0,0.0,218.0,100.0%,0.0%,0.0%,0.0%,0.0%,0.0%,0.0%,0.00%,0.00%,0.00%,0.00%,0.00%,0.00%,0.00%,0.00%,0.00%,0.00%,0.13%,54.99%,42.76%,1.28%,0.43%,0.26%,0.14%,0.02%,0.01%,0.00%,0.00%,0.00%,SeqWH-2M-16,SeqWH,Sequential Write-heavy 1:4,2M,2097152,16,1.20617609283638,4.832866636645317
99,3,fio-3.23,SeqWH-4M-16-taskset-cpu-args,0.0,0.0,70995968.0,1183049.0,288.0,60011.0,0.0,0.0,0.0,0.0,3298.0,490829.0,15251.567459,19349.337249,1.000000%=5341,5.000000%=6848,10.000000%=7962,20.000000%=9502,30.000000%=10682,40.000000%=11862,50.000000%=12910,60.000000%=13959,70.000000%=15269,80.000000%=16711,90.000000%=19529,95.000000%=22675,99.000000%=86507,99.500000%=149946,99.900000%=299892,99.950000%=350224,99.990000%=446693,0%=0,0%=0,0%=0,3299.0,490829.0,15251.638612,19349.350506,130936.0,2421491.0,100.000000%,1213268.927915,30129.989541,283103232.0,4717522.0,1151.0,60011.0,0.0,0.0,0.0,0.0,3596.0,509127.0,9161.783946,14308.825722,1.000000%=4489,5.000000%=5079,10.000000%=5537,20.000000%=6193,30.000000%=6651,40.000000%=7045,50.000000%=7438,60.000000%=7897,70.000000%=8454,80.000000%=9109,90.000000%=10158,95.000000%=11337,99.000000%=61603,99.500000%=105381,99.900000%=227540,99.950000%=267386,99.990000%=354418,0%=0,0%=0,0%=0,3596.0,509127.0,9161.978967,14308.851579,229111.0,7146283.0,100.000000%,4721109.553696,101037.686293,6.517045%,0.342893%,345957.0,0.0,210.0,100.0%,0.0%,0.0%,0.0%,0.0%,0.0%,0.0%,0.00%,0.00%,0.00%,0.00%,0.00%,0.00%,0.00%,0.00%,0.00%,0.00%,0.00%,0.06%,76.04%,20.39%,2.25%,0.65%,0.52%,0.09%,0.01%,0.00%,0.00%,0.00%,SeqWH-4M-16,SeqWH,Sequential Write-heavy 1:4,4M,4194304,16,1.1570634154462813,4.502400926300049
104,3,fio-3.23,SeqW-4K-16-taskset-cpu-args,0.0,0.0,0.0,0.0,0.0,0.0,0.0,0.0,0.0,0.0,0.0,0.0,0.0,0.0,1.000000%=0,5.000000%=0,10.000000%=0,20.000000%=0,30.000000%=0,40.000000%=0,50.000000%=0,60.000000%=0,70.000000%=0,80.000000%=0,90.000000%=0,95.000000%=0,99.000000%=0,99.500000%=0,99.900000%=0,99.950000%=0,99.990000%=0,0%=0,0%=0,0%=0,0.0,0.0,0.0,0.0,0.0,0.0,0.000000%,0.0,0.0,14165908.0,236090.0,59022.0,60002.0,0.0,0.0,0.0,0.0,121.0,522391.0,269.613727,1204.976254,1.000000%=152,5.000000%=189,10.000000%=216,20.000000%=230,30.000000%=236,40.000000%=242,50.000000%=246,60.000000%=252,70.000000%=259,80.000000%=264,90.000000%=280,95.000000%=301,99.000000%=374,99.500000%=395,99.900000%=2277,99.950000%=7831,99.990000%=55312,0%=0,0%=0,0%=0,121.0,522391.0,269.661913,1204.976245,113224.0,272552.0,100.000000%,236284.680672,1766.899945,0.920832%,2.003019%,3541601.0,0.0,173.0,100.0%,0.0%,0.0%,0.0%,0.0%,0.0%,0.0%,0.00%,0.00%,0.00%,0.00%,0.00%,0.00%,54.75%,45.05%,0.03%,0.01%,0.06%,0.03%,0.03%,0.01%,0.02%,0.01%,0.01%,0.01%,0.01%,0.00%,0.00%,0.00%,SeqW-4K-16,SeqW,Sequential Write-only,4K,4096,16,0.0,0.22533863131713866
109,3,fio-3.23,SeqW-16K-16-taskset-cpu-args,0.0,0.0,0.0,0.0,0.0,0.0,0.0,0.0,0.0,0.0,0.0,0.0,0.0,0.0,1.000000%=0,5.000000%=0,10.000000%=0,20.000000%=0,30.000000%=0,40.000000%=0,50.000000%=0,60.000000%=0,70.000000%=0,80.000000%=0,90.000000%=0,95.000000%=0,99.000000%=0,99.500000%=0,99.900000%=0,99.950000%=0,99.990000%=0,0%=0,0%=0,0%=0,0.0,0.0,0.0,0.0,0.0,0.0,0.000000%,0.0,0.0,61269888.0,1021147.0,63821.0,60001.0,0.0,0.0,0.0,0.0,129.0,612406.0,246.563361,1191.263098,1.000000%=152,5.000000%=164,10.000000%=177,20.000000%=193,30.000000%=203,40.000000%=214,50.000000%=224,60.000000%=232,70.000000%=242,80.000000%=254,90.000000%=276,95.000000%=296,99.000000%=350,99.500000%=374,99.900000%=2473,99.950000%=8159,99.990000%=45350,0%=0,0%=0,0%=0,129.0,612406.0,246.631958,1191.26306,217472.0,1188800.0,100.000000%,1022138.613445,10433.302198,2.031875%,1.871667%,3829523.0,0.0,172.0,100.0%,0.0%,0.0%,0.0%,0.0%,0.0%,0.0%,0.00%,0.00%,0.00%,0.00%,0.00%,0.00%,75.73%,24.04%,0.03%,0.01%,0.07%,0.04%,0.04%,0.02%,0.02%,0.01%,0.01%,0.01%,0.01%,0.00%,0.00%,0.00%,SeqW-16K-16,SeqW,Sequential Write-only,16K,16384,16,0.0,0.9747873434495926
114,3,fio-3.23,SeqW-1M-16-taskset-cpu-args,0.0,0.0,0.0,0.0,0.0,0.0,0.0,0.0,0.0,0.0,0.0,0.0,0.0,0.0,1.000000%=0,5.000000%=0,10.000000%=0,20.000000%=0,30.000000%=0,40.000000%=0,50.000000%=0,60.000000%=0,70.000000%=0,80.000000%=0,90.000000%=0,95.000000%=0,99.000000%=0,99.500000%=0,99.900000%=0,99.950000%=0,99.990000%=0,0%=0,0%=0,0%=0,0.0,0.0,0.0,0.0,0.0,0.0,0.000000%,0.0,0.0,624594944.0,10409568.0,10165.0,60002.0,0.0,0.0,0.0,0.0,698.0,772546.0,1370.717558,4522.37432,1.000000%=864,5.000000%=937,10.000000%=978,20.000000%=1036,30.000000%=1073,40.000000%=1122,50.000000%=1155,60.000000%=1204,70.000000%=1253,80.000000%=1302,90.000000%=1417,95.000000%=1515,99.000000%=2473,99.500000%=6193,99.900000%=61079,99.950000%=85458,99.990000%=175112,0%=0,0%=0,0%=0,699.0,772546.0,1370.795166,4522.381213,337920.0,12320749.0,100.000000%,10417677.0,188189.190707,12.890232%,0.764370%,610149.0,0.0,166.0,100.0%,0.0%,0.0%,0.0%,0.0%,0.0%,0.0%,0.00%,0.00%,0.00%,0.00%,0.00%,0.00%,0.00%,0.00%,0.01%,13.60%,84.96%,0.83%,0.24%,0.13%,0.11%,0.10%,0.02%,0.01%,0.01%,0.01%,0.00%,0.00%,SeqW-1M-16,SeqW,Sequential Write-only,1M,1048576,16,0.0,9.935070991516113
119,3,fio-3.23,SeqW-2M-16-taskset-cpu-args,0.0,0.0,0.0,0.0,0.0,0.0,0.0,0.0,0.0,0.0,0.0,0.0,0.0,0.0,1.000000%=0,5.000000%=0,10.000000%=0,20.000000%=0,30.000000%=0,40.000000%=0,50.000000%=0,60.000000%=0,70.000000%=0,80.000000%=0,90.000000%=0,95.000000%=0,99.000000%=0,99.500000%=0,99.900000%=0,99.950000%=0,99.990000%=0,0%=0,0%=0,0%=0,0.0,0.0,0.0,0.0,0.0,0.0,0.000000%,0.0,0.0,652267520.0,10851953.0,5298.0,60106.0,0.0,0.0,0.0,0.0,1567.0,834536.0,2590.166367,5852.210284,1.000000%=1875,5.000000%=1990,10.000000%=2056,20.000000%=2146,30.000000%=2211,40.000000%=2244,50.000000%=2310,60.000000%=2375,70.000000%=2441,80.000000%=2539,90.000000%=2670,95.000000%=2801,99.000000%=3817,99.500000%=9895,99.900000%=65273,99.950000%=126353,99.990000%=254803,0%=0,0%=0,0%=0,1567.0,834537.0,2590.318445,5852.217786,299008.0,12631744.0,100.000000%,10900851.325951,152139.713357,14.172056%,0.580856%,637174.0,0.0,161.0,100.0%,0.0%,0.0%,0.0%,0.0%,0.0%,0.0%,0.00%,0.00%,0.00%,0.00%,0.00%,0.00%,0.00%,0.00%,0.00%,0.00%,5.59%,93.57%,0.35%,0.21%,0.16%,0.05%,0.06%,0.01%,0.01%,0.01%,0.00%,0.00%,SeqW-2M-16,SeqW,Sequential Write-only,2M,2097152,16,0.0,10.395861936522484
124,3,fio-3.23,SeqW-4M-16-taskset-cpu-args,0.0,0.0,0.0,0.0,0.0,0.0,0.0,0.0,0.0,0.0,0.0,0.0,0.0,0.0,1.000000%=0,5.000000%=0,10.000000%=0,20.000000%=0,30.000000%=0,40.000000%=0,50.000000%=0,60.000000%=0,70.000000%=0,80.000000%=0,90.000000%=0,95.000000%=0,99.000000%=0,99.500000%=0,99.900000%=0,99.950000%=0,99.990000%=0,0%=0,0%=0,0%=0,0.0,0.0,0.0,0.0,0.0,0.0,0.000000%,0.0,0.0,608571392.0,10142011.0,2476.0,60005.0,0.0,0.0,0.0,0.0,3380.0,938693.0,5572.965963,11457.985777,1.000000%=3883,5.000000%=4079,10.000000%=4227,20.000000%=4358,30.000000%=4423,40.000000%=4554,50.000000%=4620,60.000000%=4751,70.000000%=4882,80.000000%=5013,90.000000%=5210,95.000000%=5472,99.000000%=25296,99.500000%=60030,99.900000%=183500,99.950000%=250609,99.990000%=354418,0%=0,0%=0,0%=0,3380.0,938693.0,5573.154456,11458.000478,539932.0,12412181.0,100.000000%,10154467.384988,192522.768409,13.793279%,0.539040%,594499.0,0.0,180.0,100.0%,0.0%,0.0%,0.0%,0.0%,0.0%,0.0%,0.00%,0.00%,0.00%,0.00%,0.00%,0.00%,0.00%,0.00%,0.00%,0.00%,0.00%,2.53%,95.94%,0.39%,0.54%,0.32%,0.23%,0.05%,0.01%,0.01%,0.00%,0.00%,SeqW-4M-16,SeqW,Sequential Write-only,4M,4194304,16,0.0,9.684054741847993
129,3,fio-3.23,RandR-4K-16-taskset-cpu-args,0.0,0.0,11834816.0,197082.0,49270.0,60050.0,0.0,0.0,0.0,0.0,124.0,324122.0,324.018508,1454.16152,1.000000%=195,5.000000%=220,10.000000%=238,20.000000%=264,30.000000%=276,40.000000%=284,50.000000%=288,60.000000%=296,70.000000%=305,80.000000%=313,90.000000%=325,95.000000%=337,99.000000%=374,99.500000%=399,99.900000%=6979,99.950000%=23986,99.990000%=74973,0%=0,0%=0,0%=0,124.0,324122.0,324.066621,1454.161646,29496.0,231208.0,100.000000%,198461.647059,3084.571719,0.0,0.0,0.0,0.0,0.0,0.0,0.0,0.0,0.0,0.0,0.0,0.0,1.000000%=0,5.000000%=0,10.000000%=0,20.000000%=0,30.000000%=0,40.000000%=0,50.000000%=0,60.000000%=0,70.000000%=0,80.000000%=0,90.000000%=0,95.000000%=0,99.000000%=0,99.500000%=0,99.900000%=0,99.950000%=0,99.990000%=0,0%=0,0%=0,0%=0,0.0,0.0,0.0,0.0,0.0,0.0,0.000000%,0.0,0.0,0.399145%,1.143285%,2958787.0,0.0,172.0,100.0%,0.0%,0.0%,0.0%,0.0%,0.0%,0.0%,0.00%,0.00%,0.00%,0.00%,0.00%,0.00%,14.43%,85.35%,0.02%,0.01%,0.02%,0.04%,0.06%,0.02%,0.03%,0.02%,0.01%,0.01%,0.00%,0.00%,0.00%,0.00%,RandR-4K-16,RandR,Random Read-only,4K,4096,16,0.1892677755918503,0.0
134,3,fio-3.23,RandR-16K-16-taskset-cpu-args,0.0,0.0,37110960.0,618495.0,38655.0,60002.0,0.0,0.0,0.0,0.0,147.0,246448.0,413.383135,1311.437824,1.000000%=250,5.000000%=325,10.000000%=350,20.000000%=366,30.000000%=374,40.000000%=378,50.000000%=387,60.000000%=391,70.000000%=399,80.000000%=407,90.000000%=419,95.000000%=428,99.000000%=473,99.500000%=514,99.900000%=5865,99.950000%=12779,99.990000%=73924,0%=0,0%=0,0%=0,147.0,246448.0,413.423934,1311.438107,68672.0,689408.0,100.000000%,618754.848739,7858.827865,0.0,0.0,0.0,0.0,0.0,0.0,0.0,0.0,0.0,0.0,0.0,0.0,1.000000%=0,5.000000%=0,10.000000%=0,20.000000%=0,30.000000%=0,40.000000%=0,50.000000%=0,60.000000%=0,70.000000%=0,80.000000%=0,90.000000%=0,95.000000%=0,99.000000%=0,99.500000%=0,99.900000%=0,99.950000%=0,99.990000%=0,0%=0,0%=0,0%=0,0.0,0.0,0.0,0.0,0.0,0.0,0.000000%,0.0,0.0,0.288957%,1.301663%,2319525.0,0.0,224.0,100.0%,0.0%,0.0%,0.0%,0.0%,0.0%,0.0%,0.00%,0.00%,0.00%,0.00%,0.00%,0.00%,0.95%,98.41%,0.44%,0.01%,0.03%,0.05%,0.06%,0.03%,0.02%,0.02%,0.01%,0.00%,0.00%,0.00%,0.00%,0.00%,RandR-16K-16,RandR,Random Read-only,16K,16384,16,0.5900906073942185,0.0
139,3,fio-3.23,RandR-1M-16-taskset-cpu-args,0.0,0.0,211077120.0,3517717.0,3435.0,60004.0,0.0,0.0,0.0,0.0,509.0,326346.0,4655.511041,5066.66146,1.000000%=1368,5.000000%=3391,10.000000%=3653,20.000000%=3981,30.000000%=4145,40.000000%=4227,50.000000%=4292,60.000000%=4423,70.000000%=4489,80.000000%=4685,90.000000%=5079,95.000000%=5406,99.000000%=8847,99.500000%=24772,99.900000%=82313,99.950000%=95944,99.990000%=193986,0%=0,0%=0,0%=0,510.0,326346.0,4655.545702,5066.666071,495616.0,4108288.0,100.000000%,3520064.537815,41318.027887,0.0,0.0,0.0,0.0,0.0,0.0,0.0,0.0,0.0,0.0,0.0,0.0,1.000000%=0,5.000000%=0,10.000000%=0,20.000000%=0,30.000000%=0,40.000000%=0,50.000000%=0,60.000000%=0,70.000000%=0,80.000000%=0,90.000000%=0,95.000000%=0,99.000000%=0,99.500000%=0,99.900000%=0,99.950000%=0,99.990000%=0,0%=0,0%=0,0%=0,0.0,0.0,0.0,0.0,0.0,0.0,0.000000%,0.0,0.0,0.019895%,0.378117%,206211.0,0.0,4243.0,100.0%,0.0%,0.0%,0.0%,0.0%,0.0%,0.0%,0.00%,0.00%,0.00%,0.00%,0.00%,0.00%,0.00%,0.00%,0.31%,0.40%,0.83%,19.82%,77.76%,0.32%,0.28%,0.24%,0.04%,0.01%,0.00%,0.00%,0.00%,0.00%,RandR-1M-16,RandR,Random Read-only,1M,1048576,16,3.3569951418066024,0.0
144,3,fio-3.23,RandR-2M-16-taskset-cpu-args,0.0,0.0,209530880.0,3491832.0,1704.0,60006.0,0.0,0.0,0.0,0.0,1090.0,475700.0,9380.563551,8624.602362,1.000000%=3686,5.000000%=7569,10.000000%=7897,20.000000%=8355,30.000000%=8585,40.000000%=8716,50.000000%=8716,60.000000%=8847,70.000000%=8978,80.000000%=9240,90.000000%=9502,95.000000%=9895,99.000000%=24772,99.500000%=61079,99.900000%=135266,99.950000%=170917,99.990000%=270532,0%=0,0%=0,0%=0,1090.0,475700.0,9380.599962,8624.607644,561152.0,4239360.0,100.000000%,3494033.210084,41696.306013,0.0,0.0,0.0,0.0,0.0,0.0,0.0,0.0,0.0,0.0,0.0,0.0,1.000000%=0,5.000000%=0,10.000000%=0,20.000000%=0,30.000000%=0,40.000000%=0,50.000000%=0,60.000000%=0,70.000000%=0,80.000000%=0,90.000000%=0,95.000000%=0,99.000000%=0,99.500000%=0,99.900000%=0,99.950000%=0,99.990000%=0,0%=0,0%=0,0%=0,0.0,0.0,0.0,0.0,0.0,0.0,0.000000%,0.0,0.0,0.015416%,0.302068%,204700.0,0.0,2405.0,100.0%,0.0%,0.0%,0.0%,0.0%,0.0%,0.0%,0.00%,0.00%,0.00%,0.00%,0.00%,0.00%,0.00%,0.00%,0.00%,0.00%,0.55%,0.56%,95.11%,2.64%,0.53%,0.41%,0.18%,0.02%,0.00%,0.00%,0.00%,0.00%,RandR-2M-16,RandR,Random Read-only,2M,2097152,16,3.332169733127594,0.0
149,3,fio-3.23,RandR-4M-16-taskset-cpu-args,0.0,0.0,191791104.0,3195879.0,780.0,60012.0,0.0,0.0,0.0,0.0,2615.0,331732.0,20498.202295,13464.551332,1.000000%=14745,5.000000%=17956,10.000000%=18219,20.000000%=18743,30.000000%=18743,40.000000%=19005,50.000000%=19267,60.000000%=19267,70.000000%=19529,80.000000%=19791,90.000000%=20054,95.000000%=20578,99.000000%=62128,99.500000%=116916,99.900000%=240123,99.950000%=261095,99.990000%=295698,0%=0,0%=0,0%=0,2616.0,331732.0,20498.242263,13464.56096,745472.0,3604480.0,100.000000%,3197358.252101,37712.332443,0.0,0.0,0.0,0.0,0.0,0.0,0.0,0.0,0.0,0.0,0.0,0.0,1.000000%=0,5.000000%=0,10.000000%=0,20.000000%=0,30.000000%=0,40.000000%=0,50.000000%=0,60.000000%=0,70.000000%=0,80.000000%=0,90.000000%=0,95.000000%=0,99.000000%=0,99.500000%=0,99.900000%=0,99.950000%=0,99.990000%=0,0%=0,0%=0,0%=0,0.0,0.0,0.0,0.0,0.0,0.0,0.000000%,0.0,0.0,0.006041%,0.309546%,187377.0,0.0,7870.0,100.0%,0.0%,0.0%,0.0%,0.0%,0.0%,0.0%,0.00%,0.00%,0.00%,0.00%,0.00%,0.00%,0.00%,0.00%,0.00%,0.00%,0.00%,0.12%,0.38%,87.82%,10.49%,0.54%,0.58%,0.07%,0.00%,0.00%,0.00%,0.00%,RandR-4M-16,RandR,Random Read-only,4M,4194304,16,3.0492384453783035,0.0
154,3,fio-3.23,RandRH-4K-16-taskset-cpu-args,0.0,0.0,8936800.0,148778.0,37194.0,60068.0,0.0,0.0,0.0,0.0,128.0,859375.0,338.441587,1868.668937,1.000000%=195,5.000000%=218,10.000000%=234,20.000000%=257,30.000000%=272,40.000000%=284,50.000000%=296,60.000000%=305,70.000000%=317,80.000000%=329,90.000000%=350,95.000000%=374,99.000000%=440,99.500000%=468,99.900000%=10813,99.950000%=22675,99.990000%=76021,0%=0,0%=0,0%=0,128.0,859375.0,338.485292,1868.66905,13360.0,191528.0,100.000000%,149496.980487,2510.949994,2232640.0,37168.0,9292.0,60068.0,0.0,0.0,0.0,0.0,138.0,1003072.0,361.541906,2655.440835,1.000000%=207,5.000000%=224,10.000000%=234,20.000000%=250,30.000000%=264,40.000000%=272,50.000000%=280,60.000000%=288,70.000000%=301,80.000000%=313,90.000000%=329,95.000000%=346,99.000000%=399,99.500000%=473,99.900000%=20578,99.950000%=41156,99.990000%=92798,0%=0,0%=0,0%=0,138.0,1003072.0,361.594445,2655.440954,3280.0,49712.0,100.000000%,37346.27489,638.47528,0.418282%,1.222672%,2792476.0,0.0,234.0,100.0%,0.0%,0.0%,0.0%,0.0%,0.0%,0.0%,0.00%,0.00%,0.00%,0.00%,0.00%,0.00%,17.31%,82.33%,0.08%,0.01%,0.03%,0.04%,0.08%,0.06%,0.04%,0.02%,0.01%,0.01%,0.01%,0.01%,0.01%,0.00%,RandRH-4K-16,RandRH,Random Read-heavy 4:1,4K,4096,16,0.14257143067073821,0.03561618317604065
159,3,fio-3.23,RandRH-16K-16-taskset-cpu-args,0.0,0.0,33121008.0,551934.0,34495.0,60009.0,0.0,0.0,0.0,0.0,138.0,269832.0,367.5507,1400.508033,1.000000%=216,5.000000%=242,10.000000%=261,20.000000%=284,30.000000%=301,40.000000%=313,50.000000%=325,60.000000%=337,70.000000%=350,80.000000%=366,90.000000%=399,95.000000%=432,99.000000%=509,99.500000%=585,99.900000%=8224,99.950000%=22675,99.990000%=71827,0%=0,0%=0,0%=0,138.0,269832.0,367.592111,1400.508258,51744.0,668000.0,100.000000%,553810.042017,9075.53024,8310128.0,138481.0,8655.0,60009.0,0.0,0.0,0.0,0.0,164.0,403404.0,376.891878,2060.253718,1.000000%=228,5.000000%=246,10.000000%=259,20.000000%=272,30.000000%=284,40.000000%=296,50.000000%=305,60.000000%=313,70.000000%=325,80.000000%=337,90.000000%=358,95.000000%=374,99.000000%=444,99.500000%=856,99.900000%=18743,99.950000%=41156,99.990000%=88604,0%=0,0%=0,0%=0,164.0,403404.0,376.946669,2060.253888,11968.0,178336.0,100.000000%,138929.193277,2310.960384,0.517700%,1.227584%,2589561.0,0.0,244.0,100.0%,0.0%,0.0%,0.0%,0.0%,0.0%,0.0%,0.00%,0.00%,0.00%,0.00%,0.00%,0.00%,6.46%,92.45%,0.72%,0.07%,0.07%,0.05%,0.07%,0.04%,0.04%,0.02%,0.01%,0.01%,0.00%,0.00%,0.00%,0.00%,RandRH-16K-16,RandRH,Random Read-heavy 4:1,16K,16384,16,0.5281544132394791,0.13249320342731477
164,3,fio-3.23,RandRH-1M-16-taskset-cpu-args,0.0,0.0,211447808.0,3520785.0,3438.0,60057.0,0.0,0.0,0.0,0.0,483.0,304244.0,3711.139331,5340.516452,1.000000%=864,5.000000%=2441,10.000000%=2670,20.000000%=2899,30.000000%=3063,40.000000%=3194,50.000000%=3325,60.000000%=3424,70.000000%=3588,80.000000%=3751,90.000000%=3981,95.000000%=4227,99.000000%=10551,99.500000%=32899,99.900000%=85458,99.950000%=96993,99.990000%=185597,0%=0,0%=0,0%=0,484.0,304244.0,3711.186929,5340.52114,411037.0,4341092.0,100.000000%,3528318.10084,58243.30773,52972544.0,882037.0,861.0,60057.0,0.0,0.0,0.0,0.0,881.0,271151.0,3568.120354,5811.062133,1.000000%=1204,5.000000%=2023,10.000000%=2277,20.000000%=2572,30.000000%=2768,40.000000%=2932,50.000000%=3096,60.000000%=3260,70.000000%=3457,80.000000%=3653,90.000000%=3948,95.000000%=4227,99.000000%=14614,99.500000%=38010,99.900000%=90701,99.950000%=104333,99.990000%=206569,0%=0,0%=0,0%=0,881.0,271151.0,3568.190069,5811.072834,85872.0,1420612.0,100.000000%,884366.054408,17035.701003,0.949885%,0.382829%,258341.0,0.0,205.0,100.0%,0.0%,0.0%,0.0%,0.0%,0.0%,0.0%,0.00%,0.00%,0.00%,0.00%,0.00%,0.00%,0.00%,0.01%,0.40%,0.77%,1.71%,87.53%,8.52%,0.35%,0.37%,0.30%,0.04%,0.01%,0.00%,0.00%,0.00%,0.00%,RandRH-1M-16,RandRH,Random Read-heavy 4:1,1M,1048576,16,3.3648663528823852,0.8433971923904419
169,3,fio-3.23,RandRH-2M-16-taskset-cpu-args,0.0,0.0,182564864.0,3042392.0,1485.0,60007.0,0.0,0.0,0.0,0.0,1077.0,316083.0,8629.055055,9265.219814,1.000000%=3325,5.000000%=6062,10.000000%=6520,20.000000%=7045,30.000000%=7372,40.000000%=7634,50.000000%=7831,60.000000%=8093,70.000000%=8355,80.000000%=8716,90.000000%=9109,95.000000%=9633,99.000000%=30015,99.500000%=67633,99.900000%=147849,99.950000%=191889,99.990000%=278921,0%=0,0%=0,0%=0,1077.0,316083.0,8629.10274,9265.230296,298884.0,3922171.0,99.972440%,3041553.512605,50496.334469,45637632.0,760538.0,371.0,60007.0,0.0,0.0,0.0,0.0,2027.0,455573.0,8157.842875,11252.558166,1.000000%=3096,5.000000%=5144,10.000000%=5603,20.000000%=6127,30.000000%=6520,40.000000%=6782,50.000000%=7110,60.000000%=7372,70.000000%=7700,80.000000%=8093,90.000000%=8585,95.000000%=9240,99.000000%=41680,99.500000%=84410,99.900000%=181403,99.950000%=225443,99.990000%=270532,0%=0,0%=0,0%=0,2027.0,455574.0,8157.952387,11252.579986,77718.0,1391410.0,100.000000%,764693.631508,16793.465235,0.914041%,0.277493%,222979.0,0.0,222.0,100.0%,0.0%,0.0%,0.0%,0.0%,0.0%,0.0%,0.00%,0.00%,0.00%,0.00%,0.00%,0.00%,0.00%,0.00%,0.00%,0.00%,0.38%,0.99%,95.13%,2.09%,0.69%,0.45%,0.25%,0.02%,0.00%,0.00%,0.00%,0.00%,RandRH-2M-16,RandRH,Random Read-heavy 4:1,2M,2097152,16,2.9006514669466017,0.7292686762886047
174,3,fio-3.23,RandRH-4M-16-taskset-cpu-args,0.0,0.0,169275392.0,2820551.0,688.0,60015.0,0.0,0.0,0.0,0.0,2627.0,598317.0,18762.826612,13467.478434,1.000000%=11206,5.000000%=14483,10.000000%=15269,20.000000%=16187,30.000000%=16711,40.000000%=17170,50.000000%=17694,60.000000%=17956,70.000000%=18481,80.000000%=19005,90.000000%=19791,95.000000%=20578,99.000000%=51118,99.500000%=106430,99.900000%=244318,99.950000%=278921,99.990000%=316669,0%=0,0%=0,0%=0,2627.0,598318.0,18762.880172,13467.489296,335211.0,3737639.0,99.992438%,2820337.71393,37678.11757,41955328.0,699080.0,170.0,60015.0,0.0,0.0,0.0,0.0,4145.0,453007.0,17330.76975,15032.449343,1.000000%=10027,5.000000%=12517,10.000000%=13303,20.000000%=14221,30.000000%=14876,40.000000%=15400,50.000000%=15925,60.000000%=16318,70.000000%=16908,80.000000%=17432,90.000000%=18481,95.000000%=19529,99.000000%=66846,99.500000%=119013,99.900000%=252706,99.950000%=287309,99.990000%=320864,0%=0,0%=0,0%=0,4146.0,453007.0,17330.94513,15032.469412,130800.0,1529921.0,100.000000%,707794.386701,18748.618779,0.722965%,0.235086%,206393.0,0.0,207.0,100.0%,0.0%,0.0%,0.0%,0.0%,0.0%,0.0%,0.00%,0.00%,0.00%,0.00%,0.00%,0.00%,0.00%,0.00%,0.00%,0.00%,0.00%,0.16%,0.69%,91.74%,6.35%,0.50%,0.46%,0.10%,0.01%,0.00%,0.00%,0.00%,RandRH-4M-16,RandRH,Random Read-heavy 4:1,4M,4194304,16,2.6896836413669587,0.6750053278932572
179,3,fio-3.23,RandBal-4K-16-taskset-cpu-args,0.0,0.0,6111616.0,101858.0,25464.0,60001.0,0.0,0.0,0.0,0.0,135.0,731970.0,324.634526,1687.80915,1.000000%=199,5.000000%=224,10.000000%=240,20.000000%=259,30.000000%=272,40.000000%=280,50.000000%=292,60.000000%=301,70.000000%=313,80.000000%=329,90.000000%=358,95.000000%=382,99.000000%=448,99.500000%=485,99.900000%=5079,99.950000%=13828,99.990000%=65273,0%=0,0%=0,0%=0,135.0,731970.0,324.684308,1687.809223,6008.0,126520.0,100.000000%,102127.412619,1679.789996,6110724.0,101843.0,25460.0,60001.0,0.0,0.0,0.0,0.0,136.0,885318.0,301.316622,2095.34207,1.000000%=191,5.000000%=205,10.000000%=214,20.000000%=226,30.000000%=234,40.000000%=244,50.000000%=252,60.000000%=261,70.000000%=272,80.000000%=280,90.000000%=301,95.000000%=313,99.000000%=354,99.500000%=391,99.900000%=10551,99.950000%=22151,99.990000%=82313,0%=0,0%=0,0%=0,136.0,885318.0,301.370936,2095.342121,6200.0,125744.0,100.000000%,102090.728956,1678.525987,0.633646%,1.363646%,3055721.0,0.0,264.0,100.0%,0.0%,0.0%,0.0%,0.0%,0.0%,0.0%,0.00%,0.00%,0.00%,0.00%,0.00%,0.00%,30.57%,69.06%,0.14%,0.01%,0.02%,0.04%,0.07%,0.04%,0.03%,0.01%,0.01%,0.01%,0.01%,0.01%,0.00%,0.00%,RandBal-4K-16,RandBal,Random Balanced 1:1,4K,4096,16,0.09739629041576385,0.09736130614852906
184,3,fio-3.23,RandBal-16K-16-taskset-cpu-args,0.0,0.0,22239648.0,370648.0,23165.0,60002.0,0.0,0.0,0.0,0.0,148.0,424681.0,371.697962,1485.360944,1.000000%=214,5.000000%=244,10.000000%=264,20.000000%=280,30.000000%=296,40.000000%=309,50.000000%=321,60.000000%=337,70.000000%=362,80.000000%=387,90.000000%=428,95.000000%=473,99.000000%=602,99.500000%=667,99.900000%=6717,99.950000%=18481,99.990000%=79167,0%=0,0%=0,0%=0,148.0,424681.0,371.743689,1485.361085,14496.0,448032.0,99.999692%,370646.857143,6747.782277,22301152.0,371673.0,23229.0,60002.0,0.0,0.0,0.0,0.0,153.0,415098.0,313.159638,1750.084353,1.000000%=205,5.000000%=220,10.000000%=228,20.000000%=238,30.000000%=248,40.000000%=257,50.000000%=264,60.000000%=272,70.000000%=280,80.000000%=292,90.000000%=309,95.000000%=325,99.000000%=366,99.500000%=407,99.900000%=10682,99.950000%=25821,99.990000%=84410,0%=0,0%=0,0%=0,153.0,415098.0,313.218493,1750.084428,13472.0,453760.0,100.000000%,371680.537815,6783.267606,0.915727%,1.284164%,2783920.0,0.0,234.0,100.0%,0.0%,0.0%,0.0%,0.0%,0.0%,0.0%,0.00%,0.00%,0.00%,0.00%,0.00%,0.00%,19.26%,78.71%,1.76%,0.07%,0.03%,0.04%,0.06%,0.04%,0.03%,0.02%,0.01%,0.01%,0.00%,0.00%,0.00%,0.00%,RandBal-16K-16,RandBal,Random Balanced 1:1,16K,16384,16,0.3534763881139755,0.35446218282222747
189,3,fio-3.23,RandBal-1M-16-taskset-cpu-args,0.0,0.0,150487040.0,2508033.0,2449.0,60002.0,0.0,0.0,0.0,0.0,519.0,395136.0,3460.610737,5750.648387,1.000000%=1028,5.000000%=1744,10.000000%=2023,20.000000%=2342,30.000000%=2572,40.000000%=2768,50.000000%=2932,60.000000%=3129,70.000000%=3358,80.000000%=3653,90.000000%=4292,95.000000%=5275,99.000000%=10027,99.500000%=25559,99.900000%=89653,99.950000%=114819,99.990000%=204472,0%=0,0%=0,0%=0,519.0,395136.0,3460.659286,5750.65455,157456.0,3454337.0,100.000000%,2508337.319328,42666.414075,150036480.0,2500524.0,2441.0,60002.0,0.0,0.0,0.0,0.0,746.0,329762.0,2880.478749,5339.26511,1.000000%=1138,5.000000%=1433,10.000000%=1662,20.000000%=1925,30.000000%=2113,40.000000%=2310,50.000000%=2473,60.000000%=2670,70.000000%=2867,80.000000%=3129,90.000000%=3457,95.000000%=3784,99.000000%=7634,99.500000%=22675,99.900000%=86507,99.950000%=102236,99.990000%=204472,0%=0,0%=0,0%=0,746.0,329763.0,2880.547656,5339.279919,163585.0,3502372.0,100.000000%,2501341.092437,42679.33002,3.089769%,0.419476%,293626.0,0.0,213.0,100.0%,0.0%,0.0%,0.0%,0.0%,0.0%,0.0%,0.00%,0.00%,0.00%,0.00%,0.00%,0.00%,0.00%,0.00%,0.07%,0.46%,15.84%,75.53%,7.18%,0.35%,0.28%,0.22%,0.05%,0.01%,0.00%,0.00%,0.00%,0.00%,RandBal-1M-16,RandBal,Random Balanced 1:1,1M,1048576,16,2.392136878326416,2.3854647564287186
194,3,fio-3.23,RandBal-2M-16-taskset-cpu-args,0.0,0.0,137324544.0,2288551.0,1117.0,60005.0,0.0,0.0,0.0,0.0,1183.0,643272.0,7607.954808,11247.168083,1.000000%=2113,5.000000%=3948,10.000000%=4620,20.000000%=5275,30.000000%=5734,40.000000%=6127,50.000000%=6455,60.000000%=6782,70.000000%=7241,80.000000%=7766,90.000000%=9240,95.000000%=11862,99.000000%=30539,99.500000%=66322,99.900000%=164626,99.950000%=240123,99.990000%=413138,0%=0,0%=0,0%=0,1183.0,643273.0,7608.010541,11247.176476,171999.0,3860758.0,99.976800%,2288020.067227,41922.898909,138563584.0,2309200.0,1127.0,60005.0,0.0,0.0,0.0,0.0,1630.0,493998.0,6243.694123,9800.726938,1.000000%=2441,5.000000%=3260,10.000000%=3751,20.000000%=4358,30.000000%=4751,40.000000%=5079,50.000000%=5406,60.000000%=5734,70.000000%=6062,80.000000%=6520,90.000000%=7110,95.000000%=7700,99.000000%=27394,99.500000%=63176,99.900000%=149946,99.950000%=208666,99.990000%=287309,0%=0,0%=0,0%=0,1630.0,493998.0,6243.817668,9800.747366,155648.0,4110237.0,100.000000%,2311726.554479,43308.326147,2.878139%,0.416549%,269564.0,0.0,207.0,100.0%,0.0%,0.0%,0.0%,0.0%,0.0%,0.0%,0.00%,0.00%,0.00%,0.00%,0.00%,0.00%,0.00%,0.00%,0.00%,0.00%,0.43%,8.91%,85.66%,3.63%,0.73%,0.38%,0.22%,0.03%,0.01%,0.00%,0.00%,0.00%,RandBal-2M-16,RandBal,Random Balanced 1:1,2M,2097152,16,2.1820259735364913,2.204634241560936
199,3,fio-3.23,RandBal-4M-16-taskset-cpu-args,0.0,0.0,114479104.0,1907603.0,465.0,60012.0,0.0,0.0,0.0,0.0,3138.0,554896.0,18431.328143,19206.894358,1.000000%=5275,5.000000%=9764,10.000000%=11337,20.000000%=12779,30.000000%=13828,40.000000%=14745,50.000000%=15400,60.000000%=16318,70.000000%=17170,80.000000%=18481,90.000000%=23199,95.000000%=30539,99.000000%=107479,99.500000%=152043,99.900000%=267386,99.950000%=308281,99.990000%=442499,0%=0,0%=0,0%=0,3138.0,554896.0,18431.396298,19206.912163,155648.0,3293184.0,100.000000%,1913755.201463,43634.515591,114823168.0,1913336.0,467.0,60012.0,0.0,0.0,0.0,0.0,4010.0,1055714.0,15067.685365,20283.610056,1.000000%=5603,5.000000%=7831,10.000000%=8978,20.000000%=10289,30.000000%=11206,40.000000%=11993,50.000000%=12648,60.000000%=13303,70.000000%=14090,80.000000%=15007,90.000000%=16318,95.000000%=17956,99.000000%=102236,99.500000%=147849,99.900000%=278921,99.950000%=308281,99.990000%=566231,0%=0,0%=0,0%=0,4010.0,1055714.0,15067.885752,20283.642841,172032.0,3457024.0,100.000000%,1925463.950046,45377.166015,2.333931%,0.239466%,224053.0,0.0,194.0,100.0%,0.0%,0.0%,0.0%,0.0%,0.0%,0.0%,0.00%,0.00%,0.00%,0.00%,0.00%,0.00%,0.00%,0.00%,0.00%,0.00%,0.00%,0.12%,11.27%,79.61%,6.74%,1.20%,0.93%,0.12%,0.01%,0.00%,0.01%,0.00%,RandBal-4M-16,RandBal,Random Balanced 1:1,4M,4194304,16,1.8250991835241317,1.836265516324997
204,3,fio-3.23,RandWH-4K-16-taskset-cpu-args,0.0,0.0,2909484.0,48438.0,12109.0,60066.0,0.0,0.0,0.0,0.0,132.0,236353.0,306.236711,881.696024,1.000000%=193,5.000000%=218,10.000000%=230,20.000000%=244,30.000000%=254,40.000000%=264,50.000000%=276,60.000000%=288,70.000000%=309,80.000000%=329,90.000000%=362,95.000000%=391,99.000000%=477,99.500000%=518,99.900000%=2670,99.950000%=8978,99.990000%=46399,0%=0,0%=0,0%=0,132.0,236353.0,306.278628,881.696301,2392.0,60936.0,100.000000%,48859.05042,789.335373,11655256.0,194040.0,48510.0,60066.0,0.0,0.0,0.0,0.0,124.0,633424.0,251.619345,1609.55974,1.000000%=168,5.000000%=183,10.000000%=189,20.000000%=197,30.000000%=205,40.000000%=209,50.000000%=216,60.000000%=222,70.000000%=230,80.000000%=238,90.000000%=250,95.000000%=264,99.000000%=296,99.500000%=325,99.900000%=6520,99.950000%=15663,99.990000%=71827,0%=0,0%=0,0%=0,124.0,633424.0,251.662519,1609.559825,10648.0,233600.0,100.000000%,195730.672269,3118.026972,0.723474%,1.411337%,3641303.0,0.0,240.0,100.0%,0.0%,0.0%,0.0%,0.0%,0.0%,0.0%,0.00%,0.00%,0.00%,0.00%,0.00%,0.00%,76.27%,23.42%,0.12%,0.01%,0.02%,0.03%,0.05%,0.03%,0.02%,0.01%,0.01%,0.01%,0.01%,0.00%,0.00%,0.00%,RandWH-4K-16,RandWH,Random Write-heavy 1:4,4K,4096,16,0.046595621509552,0.18666331507587433
209,3,fio-3.23,RandWH-16K-16-taskset-cpu-args,0.0,0.0,8977264.0,149616.0,9351.0,60002.0,0.0,0.0,0.0,0.0,142.0,395800.0,436.419086,1787.940745,1.000000%=230,5.000000%=261,10.000000%=276,20.000000%=296,30.000000%=313,40.000000%=337,50.000000%=362,60.000000%=387,70.000000%=411,80.000000%=452,90.000000%=536,95.000000%=593,99.000000%=806,99.500000%=1204,99.900000%=11993,99.950000%=23986,99.990000%=90701,0%=0,0%=0,0%=0,142.0,395800.0,436.466499,1787.940977,5984.0,204768.0,99.978522%,149583.865546,2907.850267,35828080.0,597114.0,37319.0,60002.0,0.0,0.0,0.0,0.0,146.0,585784.0,314.960599,2113.65098,1.000000%=189,5.000000%=203,10.000000%=211,20.000000%=222,30.000000%=228,40.000000%=236,50.000000%=242,60.000000%=250,70.000000%=259,80.000000%=268,90.000000%=284,95.000000%=301,99.000000%=407,99.500000%=1531,99.900000%=15269,99.950000%=32636,99.990000%=92798,0%=0,0%=0,0%=0,146.0,585784.0,315.021231,2113.651038,26336.0,785344.0,99.967229%,596918.319328,11480.038444,1.221872%,1.230518%,2800452.0,0.0,228.0,100.0%,0.0%,0.0%,0.0%,0.0%,0.0%,0.0%,0.00%,0.00%,0.00%,0.00%,0.00%,0.00%,47.57%,49.09%,2.52%,0.23%,0.16%,0.15%,0.14%,0.07%,0.04%,0.02%,0.01%,0.01%,0.01%,0.00%,0.00%,0.00%,RandWH-16K-16,RandWH,Random Write-heavy 1:4,16K,16384,16,0.14265429071998595,0.569265670135498
214,3,fio-3.23,RandWH-1M-16-taskset-cpu-args,0.0,0.0,78582784.0,1309516.0,1278.0,60009.0,0.0,0.0,0.0,0.0,580.0,395438.0,3507.53321,6515.269539,1.000000%=929,5.000000%=1204,10.000000%=1400,20.000000%=1662,30.000000%=1892,40.000000%=2146,50.000000%=2408,60.000000%=2801,70.000000%=3358,80.000000%=4292,90.000000%=6062,95.000000%=8093,99.000000%=14876,99.500000%=22151,99.900000%=87556,99.950000%=133693,99.990000%=274726,0%=0,0%=0,0%=0,580.0,395438.0,3507.598113,6515.27402,61440.0,2043114.0,100.000000%,1311560.438257,26246.272213,317082624.0,5283917.0,5160.0,60009.0,0.0,0.0,0.0,0.0,758.0,391007.0,2021.124707,4552.07213,1.000000%=987,5.000000%=1122,10.000000%=1220,20.000000%=1351,30.000000%=1466,40.000000%=1564,50.000000%=1679,60.000000%=1794,70.000000%=1925,80.000000%=2088,90.000000%=2342,95.000000%=2572,99.000000%=4751,99.500000%=16908,99.900000%=74973,99.950000%=89653,99.990000%=179306,0%=0,0%=0,0%=0,759.0,391007.0,2021.213391,4552.08335,362496.0,7271011.0,100.000000%,5288903.184874,97231.010104,6.734568%,0.527699%,386571.0,0.0,222.0,100.0%,0.0%,0.0%,0.0%,0.0%,0.0%,0.0%,0.00%,0.00%,0.00%,0.00%,0.00%,0.00%,0.00%,0.00%,0.02%,1.32%,65.72%,27.61%,4.18%,0.66%,0.27%,0.17%,0.04%,0.01%,0.00%,0.00%,0.00%,0.00%,RandWH-1M-16,RandWH,Random Write-heavy 1:4,1M,1048576,16,1.250801504380226,5.04389112937355
219,3,fio-3.23,RandWH-2M-16-taskset-cpu-args,0.0,0.0,77973504.0,1298562.0,634.0,60046.0,0.0,0.0,0.0,0.0,1319.0,369985.0,7153.437326,10592.597454,1.000000%=2088,5.000000%=2605,10.000000%=2998,20.000000%=3522,30.000000%=3981,40.000000%=4489,50.000000%=5079,60.000000%=5799,70.000000%=6979,80.000000%=8847,90.000000%=12255,95.000000%=16449,99.000000%=30277,99.500000%=44826,99.900000%=175112,99.950000%=244318,99.990000%=337641,0%=0,0%=0,0%=0,1319.0,369985.0,7153.508884,10592.603298,77762.0,2237908.0,100.000000%,1311635.885519,26513.250526,313106432.0,5214442.0,2546.0,60046.0,0.0,0.0,0.0,0.0,1605.0,901096.0,4087.778105,7528.733203,1.000000%=2146,5.000000%=2441,10.000000%=2637,20.000000%=2899,30.000000%=3129,40.000000%=3325,50.000000%=3522,60.000000%=3719,70.000000%=3981,80.000000%=4292,90.000000%=4751,95.000000%=5210,99.000000%=9895,99.500000%=30801,99.900000%=108527,99.950000%=149946,99.990000%=278921,0%=0,0%=0,0%=0,1606.0,901096.0,4087.928169,7528.746056,257891.0,7356803.0,100.000000%,5233114.975798,91803.851856,6.538792%,0.388414%,382088.0,0.0,206.0,100.0%,0.0%,0.0%,0.0%,0.0%,0.0%,0.0%,0.00%,0.00%,0.00%,0.00%,0.00%,0.00%,0.00%,0.00%,0.00%,0.00%,0.31%,62.22%,33.53%,2.80%,0.78%,0.22%,0.11%,0.02%,0.01%,0.01%,0.00%,0.00%,RandWH-2M-16,RandWH,Random Write-heavy 1:4,2M,2097152,16,1.2508734564962387,4.990687347219467
224,3,fio-3.23,RandWH-4M-16-taskset-cpu-args,0.0,0.0,70094848.0,1168111.0,285.0,60007.0,0.0,0.0,0.0,0.0,3470.0,549409.0,15998.707769,18998.306376,1.000000%=4751,5.000000%=6062,10.000000%=6914,20.000000%=8028,30.000000%=8978,40.000000%=10027,50.000000%=11206,60.000000%=13041,70.000000%=15663,80.000000%=20054,90.000000%=27918,95.000000%=38010,99.000000%=71827,99.500000%=112721,99.900000%=278921,99.950000%=346030,99.990000%=526385,0%=0,0%=0,0%=0,3470.0,549409.0,15998.798049,18998.314693,139264.0,2285568.0,100.000000%,1182260.180574,28045.887977,280121344.0,4668144.0,1139.0,60007.0,0.0,0.0,0.0,0.0,3807.0,640317.0,9145.079897,13633.000745,1.000000%=4685,5.000000%=5341,10.000000%=5799,20.000000%=6455,30.000000%=6914,40.000000%=7307,50.000000%=7700,60.000000%=8159,70.000000%=8716,80.000000%=9240,90.000000%=10289,95.000000%=11337,99.000000%=46923,99.500000%=98041,99.900000%=206569,99.950000%=283115,99.990000%=341835,0%=0,0%=0,0%=0,3807.0,640317.0,9145.291655,13633.020087,303104.0,6782976.0,99.835771%,4660477.554622,88355.242084,6.363986%,0.472479%,342168.0,0.0,196.0,100.0%,0.0%,0.0%,0.0%,0.0%,0.0%,0.0%,0.00%,0.00%,0.00%,0.00%,0.00%,0.00%,0.00%,0.00%,0.00%,0.00%,0.00%,0.04%,77.98%,16.66%,4.06%,0.75%,0.42%,0.08%,0.01%,0.00%,0.00%,0.00%,RandWH-4M-16,RandWH,Random Write-heavy 1:4,4M,4194304,16,1.1274911695232392,4.444577746030808
229,3,fio-3.23,RandW-4K-16-taskset-cpu-args,0.0,0.0,0.0,0.0,0.0,0.0,0.0,0.0,0.0,0.0,0.0,0.0,0.0,0.0,1.000000%=0,5.000000%=0,10.000000%=0,20.000000%=0,30.000000%=0,40.000000%=0,50.000000%=0,60.000000%=0,70.000000%=0,80.000000%=0,90.000000%=0,95.000000%=0,99.000000%=0,99.500000%=0,99.900000%=0,99.950000%=0,99.990000%=0,0%=0,0%=0,0%=0,0.0,0.0,0.0,0.0,0.0,0.0,0.000000%,0.0,0.0,12404292.0,206734.0,51683.0,60001.0,0.0,0.0,0.0,0.0,138.0,387631.0,308.096761,1565.912487,1.000000%=191,5.000000%=211,10.000000%=226,20.000000%=244,30.000000%=257,40.000000%=264,50.000000%=272,60.000000%=280,70.000000%=288,80.000000%=296,90.000000%=309,95.000000%=317,99.000000%=354,99.500000%=403,99.900000%=7241,99.950000%=20578,99.990000%=79167,0%=0,0%=0,0%=0,138.0,387631.0,308.1605,1565.912498,10288.0,248392.0,100.000000%,206961.277311,3670.119508,0.740729%,1.658958%,3101191.0,0.0,165.0,100.0%,0.0%,0.0%,0.0%,0.0%,0.0%,0.0%,0.00%,0.00%,0.00%,0.00%,0.00%,0.00%,24.28%,75.49%,0.03%,0.01%,0.03%,0.03%,0.05%,0.03%,0.03%,0.02%,0.01%,0.01%,0.00%,0.00%,0.00%,0.00%,RandW-4K-16,RandW,Random Write-only,4K,4096,16,0.0,0.19737365466213228
234,3,fio-3.23,RandW-16K-16-taskset-cpu-args,0.0,0.0,0.0,0.0,0.0,0.0,0.0,0.0,0.0,0.0,0.0,0.0,0.0,0.0,1.000000%=0,5.000000%=0,10.000000%=0,20.000000%=0,30.000000%=0,40.000000%=0,50.000000%=0,60.000000%=0,70.000000%=0,80.000000%=0,90.000000%=0,95.000000%=0,99.000000%=0,99.500000%=0,99.900000%=0,99.950000%=0,99.990000%=0,0%=0,0%=0,0%=0,0.0,0.0,0.0,0.0,0.0,0.0,0.000000%,0.0,0.0,46113472.0,768545.0,48034.0,60001.0,0.0,0.0,0.0,0.0,150.0,531168.0,328.563082,1730.993755,1.000000%=203,5.000000%=220,10.000000%=232,20.000000%=248,30.000000%=264,40.000000%=276,50.000000%=284,60.000000%=296,70.000000%=305,80.000000%=317,90.000000%=329,95.000000%=342,99.000000%=378,99.500000%=432,99.900000%=9109,99.950000%=29229,99.990000%=79167,0%=0,0%=0,0%=0,150.0,531168.0,328.663772,1730.993604,39008.0,1030944.0,100.000000%,768837.529412,14697.751612,1.655104%,1.603438%,2882225.0,0.0,170.0,100.0%,0.0%,0.0%,0.0%,0.0%,0.0%,0.0%,0.00%,0.00%,0.00%,0.00%,0.00%,0.00%,20.94%,78.78%,0.06%,0.02%,0.03%,0.03%,0.05%,0.03%,0.03%,0.03%,0.01%,0.01%,0.01%,0.00%,0.00%,0.00%,RandW-16K-16,RandW,Random Write-only,16K,16384,16,0.0,0.7332206052894592
239,3,fio-3.23,RandW-1M-16-taskset-cpu-args,0.0,0.0,0.0,0.0,0.0,0.0,0.0,0.0,0.0,0.0,0.0,0.0,0.0,0.0,1.000000%=0,5.000000%=0,10.000000%=0,20.000000%=0,30.000000%=0,40.000000%=0,50.000000%=0,60.000000%=0,70.000000%=0,80.000000%=0,90.000000%=0,95.000000%=0,99.000000%=0,99.500000%=0,99.900000%=0,99.950000%=0,99.990000%=0,0%=0,0%=0,0%=0,0.0,0.0,0.0,0.0,0.0,0.0,0.000000%,0.0,0.0,643261440.0,10720666.0,10469.0,60002.0,0.0,0.0,0.0,0.0,711.0,517669.0,1326.142922,3562.530235,1.000000%=856,5.000000%=929,10.000000%=970,20.000000%=1028,30.000000%=1073,40.000000%=1105,50.000000%=1155,60.000000%=1187,70.000000%=1236,80.000000%=1302,90.000000%=1417,95.000000%=1515,99.000000%=2342,99.500000%=4292,99.900000%=46923,99.950000%=77070,99.990000%=156237,0%=0,0%=0,0%=0,711.0,517670.0,1326.226693,3562.537439,339968.0,12376064.0,100.000000%,10732640.378151,182511.239813,13.247028%,0.615414%,628391.0,0.0,146.0,100.0%,0.0%,0.0%,0.0%,0.0%,0.0%,0.0%,0.00%,0.00%,0.00%,0.00%,0.00%,0.00%,0.00%,0.00%,0.01%,15.03%,83.71%,0.74%,0.21%,0.11%,0.10%,0.07%,0.02%,0.01%,0.01%,0.00%,0.00%,0.00%,RandW-1M-16,RandW,Random Write-only,1M,1048576,16,0.0,10.235443475867271
244,3,fio-3.23,RandW-2M-16-taskset-cpu-args,0.0,0.0,0.0,0.0,0.0,0.0,0.0,0.0,0.0,0.0,0.0,0.0,0.0,0.0,1.000000%=0,5.000000%=0,10.000000%=0,20.000000%=0,30.000000%=0,40.000000%=0,50.000000%=0,60.000000%=0,70.000000%=0,80.000000%=0,90.000000%=0,95.000000%=0,99.000000%=0,99.500000%=0,99.900000%=0,99.950000%=0,99.990000%=0,0%=0,0%=0,0%=0,0.0,0.0,0.0,0.0,0.0,0.0,0.000000%,0.0,0.0,556701696.0,9277897.0,4530.0,60003.0,0.0,0.0,0.0,0.0,1583.0,494899.0,3069.370661,7890.857765,1.000000%=1859,5.000000%=1957,10.000000%=2023,20.000000%=2113,30.000000%=2179,40.000000%=2211,50.000000%=2277,60.000000%=2342,70.000000%=2408,80.000000%=2506,90.000000%=2703,95.000000%=3031,99.000000%=20054,99.500000%=46923,99.900000%=121110,99.950000%=145752,99.990000%=270532,0%=0,0%=0,0%=0,1583.0,494900.0,3069.533844,7890.874601,368640.0,12546048.0,99.865816%,9265447.546218,231596.760838,13.099650%,0.514261%,543831.0,0.0,142.0,100.0%,0.0%,0.0%,0.0%,0.0%,0.0%,0.0%,0.00%,0.00%,0.00%,0.00%,0.00%,0.00%,0.00%,0.00%,0.00%,0.00%,7.78%,88.97%,1.49%,0.76%,0.53%,0.30%,0.15%,0.01%,0.00%,0.00%,0.00%,0.00%,RandW-2M-16,RandW,Random Write-only,2M,2097152,16,0.0,8.836219354837418
249,3,fio-3.23,RandW-4M-16-taskset-cpu-args,0.0,0.0,0.0,0.0,0.0,0.0,0.0,0.0,0.0,0.0,0.0,0.0,0.0,0.0,1.000000%=0,5.000000%=0,10.000000%=0,20.000000%=0,30.000000%=0,40.000000%=0,50.000000%=0,60.000000%=0,70.000000%=0,80.000000%=0,90.000000%=0,95.000000%=0,99.000000%=0,99.500000%=0,99.900000%=0,99.950000%=0,99.990000%=0,0%=0,0%=0,0%=0,0.0,0.0,0.0,0.0,0.0,0.0,0.000000%,0.0,0.0,617984000.0,10298703.0,2514.0,60006.0,0.0,0.0,0.0,0.0,3269.0,1114804.0,5432.714561,11435.385738,1.000000%=3883,5.000000%=4046,10.000000%=4145,20.000000%=4292,30.000000%=4358,40.000000%=4489,50.000000%=4554,60.000000%=4620,70.000000%=4751,80.000000%=4882,90.000000%=5210,95.000000%=5603,99.000000%=20054,99.500000%=52166,99.900000%=156237,99.950000%=233832,99.990000%=404750,0%=0,0%=0,0%=0,3269.0,1114805.0,5432.927151,11435.398421,450527.0,12673024.0,100.000000%,10343058.103223,182365.533026,14.669864%,0.537893%,603708.0,0.0,155.0,100.0%,0.0%,0.0%,0.0%,0.0%,0.0%,0.0%,0.00%,0.00%,0.00%,0.00%,0.00%,0.00%,0.00%,0.00%,0.00%,0.00%,0.00%,3.00%,95.35%,0.65%,0.48%,0.28%,0.20%,0.04%,0.01%,0.01%,0.01%,0.00%,RandW-4M-16,RandW,Random Write-only,4M,4194304,16,0.0,9.863908866141319
