access,IOPS,Latency,block(KiB),xfer(KiB),open(s),wr/rd(s),close(s),total(s),numTasks,iter,nnodes,seg,bw(GiB/s)
write,290809.2347,0.0044,131072.0,16.0,0.0085,36.0572,0.2618,36.0627,40,0,1,32,4.43672236328125
write,291999.7891,0.0044,131072.0,16.0,0.0062,35.9102,0.2808,35.9133,40,1,1,32,4.4551732421875
write,292122.5181,0.0044,131072.0,16.0,0.0062,35.8951,0.2593,35.8982,40,2,1,32,4.457046875
write,291273.1578,0.0044,131072.0,16.0,0.0063,35.9997,0.3026,36.0029,40,3,1,32,4.444085546875
write,292058.2654,0.0044,131072.0,16.0,0.0061,35.903,0.3258,35.9061,40,4,1,32,4.4560642578125
write,206786.3849,0.0132,131072.0,16.0,0.0416,111.558,41.5008,111.5646,88,0,1,32,3.155123046875
write,212980.8769,0.0132,131072.0,16.0,0.0472,108.3133,38.7302,108.3167,88,1,1,32,3.24973076171875
write,211387.4632,0.0133,131072.0,16.0,0.0301,109.1298,39.0134,109.133,88,2,1,32,3.225423046875
write,212457.3329,0.0133,131072.0,16.0,0.0457,108.5803,38.472,108.5833,88,3,1,32,3.2417501953125
write,212870.7476,0.0131,131072.0,16.0,0.0298,108.3694,38.1873,108.3726,88,4,1,32,3.248052734375
write,171357.043,0.0088,131072.0,16.0,0.0229,73.431,37.7274,73.4378,48,0,1,32,2.61445849609375
write,171710.4443,0.0089,131072.0,16.0,0.0202,73.2798,37.7651,73.2828,48,1,1,32,2.61998818359375
write,171790.8947,0.0089,131072.0,16.0,0.0196,73.2455,37.6339,73.2487,48,2,1,32,2.62120830078125
write,171828.4128,0.0089,131072.0,16.0,0.0221,73.2295,37.7551,73.2327,48,3,1,32,2.62178115234375
write,171650.5209,0.0089,131072.0,16.0,0.0222,73.3054,37.7331,73.3087,48,4,1,32,2.6190626953125
write,286568.4545,0.0089,131072.0,16.0,0.0269,73.1815,2.8256,73.1885,80,0,1,32,4.37227109375
write,290972.004,0.0088,131072.0,16.0,0.0229,72.074,1.3496,72.0771,80,1,1,32,4.43969052734375
write,294206.6238,0.0086,131072.0,16.0,0.0222,71.2816,1.0911,71.2847,80,2,1,32,4.48904453125
write,294769.5543,0.0086,131072.0,16.0,0.0256,71.1455,0.9767,71.1497,80,3,1,32,4.497556640625
write,294569.4247,0.0086,131072.0,16.0,0.0247,71.1938,1.0906,71.1972,80,4,1,32,4.49456044921875
write,264397.8898,0.0087,131072.0,16.0,0.0292,71.3862,36.09,71.3931,72,0,1,32,4.0340029296875
write,263480.1701,0.0087,131072.0,16.0,0.0194,71.6349,36.4408,71.6382,72,1,1,32,4.0202005859375
write,262692.4001,0.0088,131072.0,16.0,0.0227,71.8497,36.6863,71.8529,72,2,1,32,4.00818642578125
write,262897.7898,0.0088,131072.0,16.0,0.0245,71.7936,36.7443,71.7968,72,3,1,32,4.01132265625
write,264117.1867,0.0086,131072.0,16.0,0.0234,71.4621,36.4225,71.4652,72,4,1,32,4.0299314453125
write,228118.3269,0.0135,131072.0,16.0,0.0392,110.3192,39.2594,110.3262,96,0,1,32,3.48058798828125
write,232813.4442,0.0132,131072.0,16.0,0.0417,108.0944,38.5027,108.0976,96,1,1,32,3.55234599609375
write,232797.4599,0.0132,131072.0,16.0,0.0463,108.1018,37.9947,108.1048,96,2,1,32,3.55210712890625
write,233740.8886,0.0131,131072.0,16.0,0.0394,107.6655,37.4387,107.6687,96,3,1,32,3.56649736328125
write,234306.6713,0.0131,131072.0,16.0,0.0373,107.4055,37.4133,107.4086,96,4,1,32,3.57513291015625
write,232778.3009,0.0087,131072.0,16.0,0.0258,72.0738,36.586,72.0806,64,0,1,32,3.55157900390625
write,232866.4244,0.0087,131072.0,16.0,0.021,72.0465,36.6883,72.0499,64,1,1,32,3.55309306640625
write,233012.6984,0.0087,131072.0,16.0,0.0226,72.0013,36.716,72.0047,64,2,1,32,3.55532451171875
write,232892.201,0.0087,131072.0,16.0,0.0223,72.0385,36.7256,72.0418,64,3,1,32,3.55349296875
write,233400.9669,0.0087,131072.0,16.0,0.0221,71.8815,36.619,71.8847,64,4,1,32,3.56126015625
write,201077.2599,0.0086,131072.0,16.0,0.0265,73.0071,37.2895,73.0131,56,0,1,32,3.06794228515625
write,202649.806,0.0087,131072.0,16.0,0.0226,72.4406,37.0526,72.4438,56,1,1,32,3.09205146484375
write,202721.2053,0.0087,131072.0,16.0,0.0221,72.415,36.9645,72.4182,56,2,1,32,3.09314658203125
write,202736.8192,0.0088,131072.0,16.0,0.0222,72.4095,36.9831,72.4127,56,3,1,32,3.0933818359375
write,203071.6869,0.0087,131072.0,16.0,0.0225,72.2901,36.8981,72.2933,56,4,1,32,3.09848984375
write,232388.9161,0.0044,131072.0,16.0,0.0063,36.0973,0.222,36.1008,32,0,1,32,3.54562939453125
write,232756.7244,0.0044,131072.0,16.0,0.0059,36.0402,0.1931,36.0432,32,1,1,32,3.55129140625
write,232421.7922,0.0044,131072.0,16.0,0.0064,36.0922,0.3052,36.0954,32,2,1,32,3.546159765625
write,232441.4677,0.0044,131072.0,16.0,0.0062,36.0891,0.2806,36.0922,32,3,1,32,3.5464708984375
write,233079.716,0.0044,131072.0,16.0,0.0059,35.9903,0.2751,35.9933,32,4,1,32,3.556217578125
write,55227.838,0.0046,131072.0,16.0,0.0066,37.9727,0.094,37.9763,8,0,1,32,0.84263056640625
write,56978.8613,0.0045,131072.0,16.0,0.006,36.8058,0.0917,36.8088,8,1,1,32,0.8693568359375
write,56874.0069,0.0045,131072.0,16.0,0.0061,36.8736,0.0882,36.8767,8,2,1,32,0.86775556640625
write,56957.6245,0.0045,131072.0,16.0,0.0057,36.8195,0.0597,36.8224,8,3,1,32,0.8690357421875
write,56975.3197,0.0045,131072.0,16.0,0.0056,36.8081,0.0721,36.811,8,4,1,32,0.86930615234375
write,173743.9968,0.0044,131072.0,16.0,0.0063,36.2111,0.2026,36.2145,24,0,1,32,2.6508751953125
write,174469.6207,0.0044,131072.0,16.0,0.0064,36.0605,0.2376,36.0637,24,1,1,32,2.6619568359375
write,174044.2984,0.0044,131072.0,16.0,0.0065,36.1486,0.191,36.1519,24,2,1,32,2.65546513671875
write,174410.3241,0.0044,131072.0,16.0,0.0062,36.0727,0.1897,36.0758,24,3,1,32,2.6610603515625
write,174263.7064,0.0044,131072.0,16.0,0.0059,36.1031,0.198,36.1061,24,4,1,32,2.6588298828125
write,115063.2527,0.0044,131072.0,16.0,0.0064,36.4522,0.1602,36.4556,16,0,1,32,1.755559765625
write,115464.8125,0.0044,131072.0,16.0,0.0063,36.3254,0.1994,36.3286,16,1,1,32,1.7616958984375
write,115300.6888,0.0044,131072.0,16.0,0.0059,36.3771,0.1461,36.3801,16,2,1,32,1.759204296875
write,115584.6503,0.0044,131072.0,16.0,0.0063,36.2877,0.1272,36.2909,16,3,1,32,1.76352568359375
write,115447.0658,0.0044,131072.0,16.0,0.0056,36.331,0.1662,36.3339,16,4,1,32,1.7614416015625
write,19619.6065,0.013,131072.0,1024.0,0.0063,1.6702,0.0279,1.6735,8,0,1,32,19.1213283203125
write,19702.953,0.0128,131072.0,1024.0,0.006,1.6631,0.0264,1.6662,8,1,1,32,19.20538935546875
write,19179.7675,0.0133,131072.0,1024.0,0.0057,1.7085,0.0094,1.7114,8,2,1,32,18.6977716796875
write,20043.3294,0.0127,131072.0,1024.0,0.0061,1.6349,0.0112,1.638,8,3,1,32,19.5357236328125
write,20001.4631,0.0127,131072.0,1024.0,0.0059,1.6383,0.0106,1.6413,8,4,1,32,19.49642080078125
write,38158.7875,0.0311,131072.0,1024.0,0.0148,5.1524,3.5397,5.1559,48,0,1,32,37.23925126953125
write,44557.2642,0.0294,131072.0,1024.0,0.0123,4.4125,2.753,4.416,48,1,1,32,43.47788642578125
write,49774.1526,0.0278,131072.0,1024.0,0.0144,3.95,2.3594,3.9533,48,2,1,32,48.56699658203125
write,50732.8225,0.028,131072.0,1024.0,0.0147,3.8754,2.2864,3.8785,48,3,1,32,49.50347041015625
write,50372.9142,0.0272,131072.0,1024.0,0.0134,3.903,2.2834,3.9064,48,4,1,32,49.15062900390625
write,75529.9355,0.0128,131072.0,1024.0,0.0068,1.7354,0.1476,1.7391,32,0,1,32,73.59925068359375
write,79076.4563,0.0128,131072.0,1024.0,0.0062,1.6575,0.0647,1.6607,32,1,1,32,77.0754189453125
write,78844.1836,0.0127,131072.0,1024.0,0.0064,1.6624,0.0582,1.6657,32,2,1,32,76.84305390625
write,80757.0523,0.0124,131072.0,1024.0,0.0061,1.623,0.0463,1.6262,32,3,1,32,78.71139609375
write,77675.7423,0.0128,131072.0,1024.0,0.0059,1.6874,0.0644,1.6905,32,4,1,32,75.71715703125
write,52929.8761,0.0354,131072.0,1024.0,0.0122,4.9527,3.2413,4.9562,64,0,1,32,51.652546484375
write,65822.2763,0.0301,131072.0,1024.0,0.0107,3.9826,2.3557,3.9858,64,1,1,32,64.227962890625
write,63040.1321,0.0296,131072.0,1024.0,0.0184,4.1584,2.5847,4.1617,64,2,1,32,61.513531640625
write,63557.595,0.0291,131072.0,1024.0,0.0175,4.1245,2.5054,4.1278,64,3,1,32,62.01876318359375
write,61236.5229,0.0299,131072.0,1024.0,0.0143,4.2808,2.6544,4.284,64,4,1,32,59.75655224609375
write,48410.7929,0.0298,131072.0,1024.0,0.017,4.7381,3.1713,4.7415,56,0,1,32,47.2421568359375
write,53228.8773,0.0289,131072.0,1024.0,0.0166,4.3092,2.5489,4.3125,56,1,1,32,51.9415580078125
write,57417.1626,0.0279,131072.0,1024.0,0.0147,3.9949,2.4152,3.9981,56,2,1,32,56.0262044921875
write,58702.2985,0.0273,131072.0,1024.0,0.015,3.9074,2.3326,3.9106,56,3,1,32,57.28038818359375
write,58424.4572,0.0271,131072.0,1024.0,0.0141,3.926,2.2915,3.9292,56,4,1,32,57.0094833984375
write,70198.4995,0.0337,131072.0,1024.0,0.024,4.6679,0.7649,4.6752,80,0,1,32,68.445554296875
write,80566.64,0.0293,131072.0,1024.0,0.0151,4.0672,0.6385,4.0705,80,1,1,32,78.61470830078125
write,79399.2334,0.0287,131072.0,1024.0,0.018,4.127,0.7443,4.1302,80,2,1,32,77.478765234375
write,81678.7982,0.0287,131072.0,1024.0,0.0104,4.0118,0.6373,4.0151,80,3,1,32,79.700105859375
write,73638.2071,0.0287,131072.0,1024.0,0.0141,4.4499,1.0307,4.4531,80,4,1,32,71.86063408203125
write,57819.7363,0.0465,131072.0,1024.0,0.0367,6.234,2.3982,6.2375,88,0,1,32,56.432840234375
write,60573.2647,0.0438,131072.0,1024.0,0.0314,5.9506,2.305,5.9539,88,1,1,32,59.120672265625
write,62007.6198,0.0435,131072.0,1024.0,0.0245,5.813,2.3082,5.8161,88,2,1,32,60.52210322265625
write,63286.0977,0.0423,131072.0,1024.0,0.0164,5.6955,2.17,5.6988,88,3,1,32,61.7677453125
write,58361.6095,0.0457,131072.0,1024.0,0.0337,6.1761,2.3812,6.1792,88,4,1,32,56.96486181640625
write,55589.422,0.013,131072.0,1024.0,0.0065,1.7684,0.1524,1.7719,24,0,1,32,54.1800501953125
write,59801.1863,0.0125,131072.0,1024.0,0.0059,1.6438,0.0822,1.6469,24,1,1,32,58.29080576171875
write,60472.4106,0.0126,131072.0,1024.0,0.0061,1.6256,0.0543,1.6288,24,2,1,32,58.9402208984375
write,59240.6558,0.0128,131072.0,1024.0,0.006,1.6594,0.0477,1.6625,24,3,1,32,57.74373486328125
write,58786.1045,0.0128,131072.0,1024.0,0.0062,1.6722,0.0593,1.6754,24,4,1,32,57.298240234375
write,58666.6664,0.0323,131072.0,1024.0,0.0177,5.0269,3.0403,5.0303,72,0,1,32,57.25293369140625
write,70450.1151,0.027,131072.0,1024.0,0.018,4.1861,2.5471,4.1894,72,1,1,32,68.74533525390625
write,74041.1427,0.0266,131072.0,1024.0,0.0146,3.9831,2.3956,3.9863,72,2,1,32,72.247793359375
write,72995.0912,0.0266,131072.0,1024.0,0.0153,4.0402,2.4363,4.0432,72,3,1,32,71.23035947265625
write,70569.5355,0.0271,131072.0,1024.0,0.0175,4.179,2.5355,4.1823,72,4,1,32,68.86108798828126
write,37789.7485,0.0135,131072.0,1024.0,0.0062,1.7342,0.1272,1.7376,16,0,1,32,36.83315361328125
write,40679.7192,0.0126,131072.0,1024.0,0.006,1.611,0.0348,1.6141,16,1,1,32,39.6502576171875
write,40788.3069,0.0126,131072.0,1024.0,0.0061,1.6067,0.0277,1.6099,16,2,1,32,39.7547638671875
write,40805.6485,0.0125,131072.0,1024.0,0.0061,1.6061,0.0326,1.6092,16,3,1,32,39.7713384765625
write,39853.3943,0.0128,131072.0,1024.0,0.0061,1.6444,0.0253,1.6476,16,4,1,32,38.84421259765625
write,91644.5912,0.0133,131072.0,1024.0,0.0067,1.7878,0.1034,1.7914,40,0,1,32,89.31337470703124
write,95909.1702,0.0128,131072.0,1024.0,0.0062,1.7083,0.0767,1.7114,40,1,1,32,93.488741015625
write,96225.4021,0.0131,131072.0,1024.0,0.0059,1.7027,0.0586,1.7057,40,2,1,32,93.80175830078124
write,97002.4802,0.013,131072.0,1024.0,0.0061,1.689,0.0554,1.6922,40,3,1,32,94.552806640625
write,84301.1748,0.0148,131072.0,1024.0,0.0059,1.9435,0.0632,1.9465,40,4,1,32,82.19675185546875
write,63744.1108,0.0475,131072.0,1024.0,0.0465,6.1687,2.1336,6.184,96,0,1,32,62.09574033203125
write,68773.0079,0.0441,131072.0,1024.0,0.0249,5.7176,2.1173,5.721,96,1,1,32,67.12122548828125
write,71582.2943,0.0421,131072.0,1024.0,0.0343,5.4932,1.9487,5.4965,96,2,1,32,69.86250029296875
write,70711.29,0.0424,131072.0,1024.0,0.0342,5.5609,2.0064,5.5641,96,3,1,32,69.01446552734375
write,66707.1445,0.0461,131072.0,1024.0,0.0259,5.8947,2.0853,5.8979,96,4,1,32,65.10837392578125
write,40360.6843,0.0746,131072.0,2048.0,0.035,4.8713,1.6797,4.8779,96,0,1,32,78.72312626953125
write,40265.4049,0.0742,131072.0,2048.0,0.0234,4.8828,1.7378,4.886,96,1,1,32,78.591267578125
write,35688.8846,0.0717,131072.0,2048.0,0.0234,5.5089,3.0321,5.5121,96,2,1,32,69.66486796875
write,41007.2513,0.0728,131072.0,2048.0,0.0384,4.7945,1.7028,4.7978,96,3,1,32,80.0369330078125
write,40627.12,0.0733,131072.0,2048.0,0.023,4.8393,1.7583,4.8441,96,4,1,32,79.27165625
write,43920.9294,0.0275,131072.0,2048.0,0.007,1.8652,0.2692,1.869,40,0,1,32,85.6075515625
write,45502.4876,0.0265,131072.0,2048.0,0.0062,1.8003,0.2029,1.8035,40,1,1,32,88.71629404296876
write,45904.561,0.0264,131072.0,2048.0,0.0061,1.7846,0.1437,1.7877,40,2,1,32,89.50018017578125
write,46868.1234,0.026,131072.0,2048.0,0.0062,1.7479,0.1259,1.7512,40,3,1,32,91.36852236328124
write,46354.16,0.0267,131072.0,2048.0,0.0056,1.7673,0.1319,1.7702,40,4,1,32,90.38740908203125
write,18862.8841,0.024,131072.0,2048.0,0.0063,1.7372,0.2777,1.7405,16,0,1,32,36.77076630859375
write,21458.4677,0.0227,131072.0,2048.0,0.006,1.527,0.0927,1.5301,16,1,1,32,41.82656611328125
write,22585.3177,0.022,131072.0,2048.0,0.0058,1.4509,0.0542,1.4539,16,2,1,32,44.0188666015625
write,22675.28,0.0223,131072.0,2048.0,0.0058,1.4451,0.0485,1.4481,16,3,1,32,44.1954107421875
write,22158.7775,0.0224,131072.0,2048.0,0.006,1.4788,0.0506,1.4819,16,4,1,32,43.18862001953125
write,43175.8575,0.0507,131072.0,2048.0,0.0208,3.4152,1.5941,3.4221,72,0,1,32,84.15990361328124
write,45640.3827,0.0463,131072.0,2048.0,0.0153,3.2308,1.5883,3.2342,72,1,1,32,89.0491759765625
write,46228.2477,0.0472,131072.0,2048.0,0.0147,3.1897,1.4883,3.193,72,2,1,32,90.19597763671875
write,25091.2964,0.0462,131072.0,2048.0,0.0144,5.8768,4.1719,5.8801,72,3,1,32,48.9786912109375
write,46675.2844,0.0465,131072.0,2048.0,0.0142,3.1592,1.4589,3.1625,72,4,1,32,91.066674609375
write,30078.5922,0.0244,131072.0,2048.0,0.0066,1.6341,0.1432,1.6377,24,0,1,32,58.61757998046875
write,32286.2457,0.0235,131072.0,2048.0,0.0059,1.5224,0.0844,1.5254,24,1,1,32,62.9344728515625
write,32717.4842,0.0231,131072.0,2048.0,0.0064,1.5023,0.0382,1.5057,24,2,1,32,63.75869521484375
write,31661.8189,0.0239,131072.0,2048.0,0.0058,1.5524,0.0573,1.5554,24,3,1,32,61.7189482421875
write,31895.3446,0.0232,131072.0,2048.0,0.0061,1.541,0.0681,1.5443,24,4,1,32,62.1652166015625
write,35827.9193,0.0732,131072.0,2048.0,0.039,5.0303,1.7925,5.0367,88,0,1,32,69.88655595703125
write,36058.2938,0.0713,131072.0,2048.0,0.0234,4.9981,2.0362,5.0013,88,1,1,32,70.38235029296875
write,36153.8191,0.0719,131072.0,2048.0,0.0208,4.9849,1.8782,4.9881,88,2,1,32,70.56785322265625
write,32316.4459,0.0708,131072.0,2048.0,0.0205,5.5769,3.1756,5.5801,88,3,1,32,63.0812279296875
write,35756.9138,0.0712,131072.0,2048.0,0.0275,5.0403,2.3421,5.0435,88,4,1,32,69.79223583984376
write,46485.5372,0.0535,131072.0,2048.0,0.0234,3.5245,0.2243,3.5317,80,0,1,32,90.608023046875
write,33424.4358,0.0503,131072.0,2048.0,0.0183,4.9018,2.2314,4.9051,80,1,1,32,65.23831513671875
write,26318.2165,0.0506,131072.0,2048.0,0.013,6.2253,3.6489,6.2286,80,2,1,32,51.37586962890625
write,35235.6219,0.0509,131072.0,2048.0,0.0134,4.6498,1.5648,4.6531,80,3,1,32,68.7711486328125
write,36401.591,0.0505,131072.0,2048.0,0.0174,4.5009,1.8646,4.5041,80,4,1,32,71.04629970703125
write,36025.8139,0.0462,131072.0,2048.0,0.021,3.1835,1.461,3.1899,56,0,1,32,70.2209564453125
write,37034.3826,0.0459,131072.0,2048.0,0.0131,3.0968,1.4156,3.1001,56,1,1,32,72.25562158203125
write,37558.8481,0.0443,131072.0,2048.0,0.0114,3.0536,1.4164,3.0569,56,2,1,32,73.27732861328126
write,38088.7494,0.0442,131072.0,2048.0,0.0179,3.0111,1.3689,3.0144,56,3,1,32,74.309808203125
write,38054.4504,0.0439,131072.0,2048.0,0.0136,3.0138,1.3916,3.017,56,4,1,32,74.2457412109375
write,38861.9156,0.0488,131072.0,2048.0,0.0225,3.3728,1.5714,3.3793,64,0,1,32,75.75593525390624
write,42068.6921,0.0454,131072.0,2048.0,0.0167,3.1157,1.4259,3.1189,64,1,1,32,82.081461328125
write,42729.735,0.0451,131072.0,2048.0,0.0166,3.0675,1.3895,3.0708,64,2,1,32,83.36530087890625
write,42932.7045,0.0451,131072.0,2048.0,0.0117,3.053,1.3473,3.0563,64,3,1,32,83.7614978515625
write,43204.159,0.0455,131072.0,2048.0,0.0137,3.0338,1.2798,3.037,64,4,1,32,84.294069921875
write,30397.1999,0.0479,131072.0,2048.0,0.0203,3.234,1.5807,3.2402,48,0,1,32,59.25644228515625
write,31354.6678,0.0456,131072.0,2048.0,0.0098,3.1352,1.5392,3.1385,48,1,1,32,61.17603271484375
write,31653.5717,0.045,131072.0,2048.0,0.0141,3.1056,1.5642,3.1091,48,2,1,32,61.75444482421875
write,31954.7122,0.0436,131072.0,2048.0,0.0093,3.0764,1.5554,3.0796,48,3,1,32,62.34519248046875
write,32065.0586,0.0433,131072.0,2048.0,0.0145,3.0658,1.5786,3.069,48,4,1,32,62.56099267578125
write,38146.6201,0.0261,131072.0,2048.0,0.007,1.718,0.1854,1.7219,32,0,1,32,74.33855830078124
write,39469.7259,0.025,131072.0,2048.0,0.0061,1.6604,0.159,1.6635,32,1,1,32,76.94476083984375
write,40156.887,0.0248,131072.0,2048.0,0.0062,1.632,0.1023,1.6352,32,2,1,32,78.277120703125
write,39826.4861,0.0242,131072.0,2048.0,0.0061,1.6455,0.1182,1.6488,32,3,1,32,77.63390615234376
write,38870.1477,0.0249,131072.0,2048.0,0.0057,1.686,0.0944,1.689,32,4,1,32,75.7863328125
write,10658.8178,0.0236,131072.0,2048.0,0.0064,1.5371,0.0548,1.5406,8,0,1,32,20.77142626953125
write,11506.2554,0.0217,131072.0,2048.0,0.006,1.4239,0.0339,1.427,8,1,1,32,22.42438544921875
write,11586.2075,0.0217,131072.0,2048.0,0.0063,1.4141,0.0236,1.4174,8,2,1,32,22.57721884765625
write,11613.7128,0.0216,131072.0,2048.0,0.0061,1.4107,0.0273,1.414,8,3,1,32,22.63141015625
write,11478.0023,0.0218,131072.0,2048.0,0.0059,1.4274,0.0338,1.4305,8,4,1,32,22.369815234375
write,9566.0826,0.1944,131072.0,8192.0,0.0203,3.8536,2.623,3.8606,72,0,1,32,74.6002455078125
write,9661.3468,0.2189,131072.0,8192.0,0.014,3.8156,2.7923,3.8187,72,1,1,32,75.41835341796875
write,9984.6589,0.2071,131072.0,8192.0,0.0191,3.6921,2.7001,3.6953,72,2,1,32,77.93578564453125
write,10571.2073,0.0953,131072.0,8192.0,0.0149,3.4872,1.9629,3.4905,72,3,1,32,82.50942744140625
write,9631.0776,0.1936,131072.0,8192.0,0.0137,3.8276,2.8358,3.8308,72,4,1,32,75.18011796875
write,13512.1458,0.0559,131072.0,8192.0,0.0064,0.9094,0.0308,0.9128,24,0,1,32,105.17042724609375
write,13508.1369,0.0557,131072.0,8192.0,0.0061,0.9097,0.0319,0.9128,24,1,1,32,105.1704546875
write,13530.8619,0.0563,131072.0,8192.0,0.0058,0.9081,0.0229,0.9111,24,2,1,32,105.3623791015625
write,13520.0715,0.0559,131072.0,8192.0,0.006,0.9089,0.0286,0.912,24,3,1,32,105.26522861328125
write,13523.1223,0.0559,131072.0,8192.0,0.0059,0.9087,0.0221,0.9117,24,4,1,32,105.2964173828125
write,12533.2932,0.1688,131072.0,8192.0,0.024,3.5949,1.7622,3.6014,88,0,1,32,97.74047587890625
write,13230.965,0.158,131072.0,8192.0,0.0156,3.4053,1.7061,3.4087,88,1,1,32,103.26487138671875
write,10926.7269,0.1791,131072.0,8192.0,0.0196,4.1235,2.5398,4.1267,88,2,1,32,85.298260546875
write,10453.3647,0.1878,131072.0,8192.0,0.017,4.3102,3.2338,4.3134,88,3,1,32,81.60571943359375
write,11664.1869,0.1915,131072.0,8192.0,0.0349,3.8628,2.1253,3.866,88,4,1,32,91.05112587890625
write,9567.0816,0.187,131072.0,8192.0,0.039,5.1376,3.1481,5.1443,96,0,1,32,74.645651953125
write,11105.1616,0.2003,131072.0,8192.0,0.0276,4.426,2.3593,4.4293,96,1,1,32,86.69512392578125
write,12200.7494,0.1735,131072.0,8192.0,0.0214,4.0286,2.3429,4.0319,96,2,1,32,95.241185546875
write,11667.0863,0.1716,131072.0,8192.0,0.0231,4.2129,2.1041,4.2163,96,3,1,32,91.07610703125
write,8701.0058,0.1454,131072.0,8192.0,0.0212,5.649,4.5485,5.6522,96,4,1,32,67.93822265625
write,12883.5021,0.084,131072.0,8192.0,0.008,1.5896,0.3216,1.5944,40,0,1,32,100.34838271484375
write,12955.4397,0.085,131072.0,8192.0,0.0061,1.5808,0.282,1.5839,40,1,1,32,101.01520263671875
write,12874.6331,0.0869,131072.0,8192.0,0.0062,1.5907,0.2857,1.5939,40,2,1,32,100.38038388671875
write,12592.7322,0.0874,131072.0,8192.0,0.0059,1.6263,0.4254,1.6294,40,3,1,32,98.19535224609375
write,12708.7748,0.087,131072.0,8192.0,0.0058,1.6115,0.2884,1.6145,40,4,1,32,99.10428642578125
write,9763.2836,0.0508,131072.0,8192.0,0.0064,0.8391,0.0535,0.8425,16,0,1,32,75.96538310546875
write,10436.961,0.0481,131072.0,8192.0,0.0062,0.7849,0.039,0.7881,16,1,1,32,81.21126025390625
write,10546.8757,0.0468,131072.0,8192.0,0.006,0.7767,0.0342,0.7798,16,2,1,32,82.0674900390625
write,10578.4441,0.0468,131072.0,8192.0,0.0059,0.7744,0.0342,0.7775,16,3,1,32,82.31532353515625
write,10600.0025,0.0468,131072.0,8192.0,0.0059,0.7728,0.037,0.7759,16,4,1,32,82.4870734375
write,14528.5074,0.1331,131072.0,8192.0,0.0211,2.2554,0.7602,2.2622,64,0,1,32,113.1648265625
write,12980.1658,0.1517,131072.0,8192.0,0.0143,2.5245,0.9518,2.5278,64,1,1,32,101.27351640625
write,9387.0436,0.1001,131072.0,8192.0,0.0182,3.4908,2.2797,3.4941,64,2,1,32,73.2657564453125
write,10053.1564,0.0988,131072.0,8192.0,0.0113,3.2595,1.8052,3.2626,64,3,1,32,78.465487890625
write,12725.353,0.1473,131072.0,8192.0,0.0136,2.575,1.1234,2.5781,64,4,1,32,99.2964279296875
write,12932.8991,0.1102,131072.0,8192.0,0.0141,1.9003,0.5434,1.9073,48,0,1,32,100.668191015625
write,13495.8665,0.1082,131072.0,8192.0,0.0127,1.821,0.4991,1.8243,48,1,1,32,105.24441435546875
write,13167.5382,0.1073,131072.0,8192.0,0.0134,1.8664,0.579,1.8696,48,2,1,32,102.693285546875
write,13613.9511,0.106,131072.0,8192.0,0.0145,1.8052,0.5291,1.8085,48,3,1,32,106.16650302734375
write,12426.0603,0.1097,131072.0,8192.0,0.0113,1.9778,0.6628,1.981,48,4,1,32,96.92186953125
write,7413.417,0.0705,131072.0,8192.0,0.0065,2.21,1.1839,2.2136,32,0,1,32,57.82485263671875
write,13167.3599,0.0693,131072.0,8192.0,0.006,1.2443,0.1701,1.2474,32,1,1,32,102.61598193359374
write,13839.5348,0.0679,131072.0,8192.0,0.0058,1.1839,0.1001,1.1868,32,2,1,32,107.84995166015625
write,13517.8392,0.0703,131072.0,8192.0,0.0061,1.212,0.1217,1.2152,32,3,1,32,105.3315921875
write,6719.7941,0.1299,131072.0,8192.0,0.0062,2.4382,0.4884,2.4414,32,4,1,32,52.42962431640625
write,5176.337,0.0472,131072.0,8192.0,0.0062,0.7913,0.049,0.7946,8,0,1,32,40.2710248046875
write,5605.0239,0.0444,131072.0,8192.0,0.006,0.7308,0.0263,0.7338,8,1,1,32,43.6060521484375
write,5651.8547,0.0435,131072.0,8192.0,0.0059,0.7247,0.0289,0.7278,8,2,1,32,43.96957001953125
write,5648.0419,0.0434,131072.0,8192.0,0.0059,0.7252,0.0303,0.7283,8,3,1,32,43.9404060546875
write,5655.9817,0.0433,131072.0,8192.0,0.0059,0.7242,0.0307,0.7272,8,4,1,32,44.0014267578125
write,10434.5071,0.1294,131072.0,8192.0,0.0229,3.9254,2.4618,3.9316,80,0,1,32,81.391615234375
write,9667.6787,0.1348,131072.0,8192.0,0.0199,4.2368,2.9193,4.24,80,1,1,32,75.4721095703125
write,10569.8673,0.1456,131072.0,8192.0,0.0148,3.8752,2.1568,3.8785,80,2,1,32,82.507041796875
write,9908.9227,0.1174,131072.0,8192.0,0.015,4.1336,2.5949,4.1369,80,3,1,32,77.35353974609374
write,10077.1159,0.1147,131072.0,8192.0,0.0126,4.0647,2.608,4.0679,80,4,1,32,78.66468681640625
write,11727.6188,0.1287,131072.0,8192.0,0.0187,2.4448,1.1164,2.4519,56,0,1,32,91.35873515625
write,12603.7474,0.1213,131072.0,8192.0,0.0142,2.2749,1.0457,2.2781,56,1,1,32,98.32918935546876
write,10980.855,0.1419,131072.0,8192.0,0.0147,2.6111,1.2656,2.6143,56,2,1,32,85.68173974609375
write,12209.5796,0.1234,131072.0,8192.0,0.0116,2.3483,0.9935,2.3516,56,3,1,32,95.25531171875
write,11436.0561,0.0868,131072.0,8192.0,0.0181,2.5072,1.1777,2.5105,56,4,1,32,89.22685712890625
write,5761.3435,0.2175,131072.0,16384.0,0.0127,2.1328,0.7981,2.1388,48,0,1,32,89.7708791015625
write,6607.5386,0.2197,131072.0,16384.0,0.0097,1.8597,0.5413,1.863,48,1,1,32,103.062118359375
write,6582.0169,0.2301,131072.0,16384.0,0.0185,1.8669,0.5641,1.8702,48,2,1,32,102.6643001953125
write,6673.0464,0.2208,131072.0,16384.0,0.0123,1.8414,0.5235,1.8448,48,3,1,32,104.07852880859375
write,6513.5842,0.2251,131072.0,16384.0,0.0556,1.8865,0.5328,1.8897,48,4,1,32,101.601163671875
write,7762.3774,0.3209,131072.0,16384.0,0.021,2.6384,0.1314,2.6441,80,0,1,32,121.0255443359375
write,7861.4696,0.3173,131072.0,16384.0,0.0196,2.6051,0.1447,2.6084,80,1,1,32,122.678603125
write,7764.6438,0.3207,131072.0,16384.0,0.0137,2.6376,0.1036,2.6408,80,2,1,32,121.174066796875
write,5229.5072,0.2128,131072.0,16384.0,0.0128,3.9162,2.2561,3.9195,80,3,1,32,81.64294521484375
write,5234.6934,0.325,131072.0,16384.0,0.0223,3.9124,2.4135,3.9159,80,4,1,32,81.71858642578125
write,5013.3058,0.2757,131072.0,16384.0,0.0195,3.6766,1.9715,3.6821,72,0,1,32,78.2158998046875
write,6112.5123,0.259,131072.0,16384.0,0.0177,3.0155,1.0693,3.0187,72,1,1,32,95.4037583984375
write,6574.5518,0.2687,131072.0,16384.0,0.0148,2.8035,0.7718,2.8067,72,2,1,32,102.61230556640625
write,6135.5229,0.2874,131072.0,16384.0,0.0187,3.0041,1.0684,3.0074,72,3,1,32,95.764639453125
write,5080.1028,0.318,131072.0,16384.0,0.0148,3.6283,1.8497,3.6315,72,4,1,32,79.3070349609375
write,4288.6874,0.1514,131072.0,16384.0,0.0072,2.3877,1.1768,2.3916,40,0,1,32,66.89947529296875
write,6889.9674,0.1628,131072.0,16384.0,0.0064,1.4862,0.2653,1.4894,40,1,1,32,107.42615947265625
write,6810.0773,0.1631,131072.0,16384.0,0.0065,1.5037,0.2181,1.5069,40,2,1,32,106.17740166015625
write,6671.5659,0.1616,131072.0,16384.0,0.0063,1.5349,0.2493,1.538,40,3,1,32,104.0297830078125
write,7021.0707,0.162,131072.0,16384.0,0.0063,1.4585,0.1931,1.4616,40,4,1,32,109.46728447265625
write,5434.9191,0.3509,131072.0,16384.0,0.0374,4.145,1.9436,4.152,88,0,1,32,84.77819228515625
write,5161.1638,0.5276,131072.0,16384.0,0.0158,4.3649,2.234,4.3682,88,1,1,32,80.58209501953125
write,6241.3333,0.3683,131072.0,16384.0,0.0187,3.6095,1.2143,3.6126,88,2,1,32,97.43661171875
write,5231.5535,0.3527,131072.0,16384.0,0.0331,4.3062,2.1015,4.3094,88,3,1,32,81.6817720703125
write,5550.9112,0.4444,131072.0,16384.0,0.0151,4.0584,2.2288,4.0617,88,4,1,32,86.6625359375
write,6914.057,0.2366,131072.0,16384.0,0.0157,2.0735,0.6711,2.0797,56,0,1,32,107.70960859375
write,6876.5247,0.2377,131072.0,16384.0,0.0146,2.0848,0.721,2.0881,56,1,1,32,107.2756359375
write,6133.0691,0.2081,131072.0,16384.0,0.0169,2.3375,1.0342,2.3407,56,2,1,32,95.6985638671875
write,6189.0551,0.2118,131072.0,16384.0,0.0141,2.3163,0.831,2.3198,56,3,1,32,96.5621265625
write,5995.8881,0.2242,131072.0,16384.0,0.0138,2.391,0.9107,2.3943,56,4,1,32,93.55400986328125
write,5001.2066,0.4382,131072.0,16384.0,0.0271,4.914,3.6579,4.9214,96,0,1,32,78.0271021484375
write,5412.8273,0.3629,131072.0,16384.0,0.0329,4.5403,2.5739,4.5434,96,1,1,32,84.51745625
write,4480.571,0.569,131072.0,16384.0,0.0269,5.485,3.7584,5.4882,96,2,1,32,69.96807744140625
write,5231.8425,0.3608,131072.0,16384.0,0.0243,4.6974,2.7459,4.7007,96,3,1,32,81.6906025390625
write,5474.599,0.3767,131072.0,16384.0,0.0167,4.4891,3.0839,4.4923,96,4,1,32,85.4793890625
write,7023.2359,0.2654,131072.0,16384.0,0.0204,2.3328,0.7837,2.3391,64,0,1,32,109.445626953125
write,6019.455,0.2407,131072.0,16384.0,0.013,2.7218,1.2636,2.7251,64,1,1,32,93.94116015625
write,6345.5618,0.2475,131072.0,16384.0,0.0144,2.582,0.8973,2.5851,64,2,1,32,99.02943720703125
write,5732.8025,0.2671,131072.0,16384.0,0.0178,2.8579,1.3659,2.8613,64,3,1,32,89.4712232421875
write,5701.0888,0.2164,131072.0,16384.0,0.015,2.8738,1.5494,2.8771,64,4,1,32,88.9793556640625
write,7710.5104,0.131,131072.0,16384.0,0.0068,1.0624,0.0366,1.0662,32,0,1,32,120.0485748046875
write,7610.9226,0.1295,131072.0,16384.0,0.0063,1.0763,0.0504,1.0796,32,1,1,32,118.56299609375
write,7595.7279,0.1285,131072.0,16384.0,0.006,1.0785,0.0502,1.0816,32,2,1,32,118.340774609375
write,7653.8718,0.13,131072.0,16384.0,0.0061,1.0703,0.0489,1.0735,32,3,1,32,119.2368146484375
write,3386.1103,0.3024,131072.0,16384.0,0.0063,2.4193,0.4498,2.4225,32,4,1,32,52.83714755859375
write,5025.1256,0.0965,131072.0,16384.0,0.0066,0.8151,0.0541,0.8187,16,0,1,32,78.177190625
write,5063.272,0.0976,131072.0,16384.0,0.006,0.809,0.034,0.8121,16,1,1,32,78.81122802734374
write,5017.8794,0.0971,131072.0,16384.0,0.006,0.8163,0.04,0.8194,16,2,1,32,78.106037890625
write,5133.1274,0.0958,131072.0,16384.0,0.0061,0.798,0.0376,0.8011,16,3,1,32,79.88696357421875
write,5160.958,0.0949,131072.0,16384.0,0.0059,0.7937,0.037,0.7967,16,4,1,32,80.32994853515625
write,2772.697,0.0909,131072.0,16384.0,0.0064,0.7386,0.0399,0.7421,8,0,1,32,43.12238330078125
write,2963.3012,0.0829,131072.0,16384.0,0.0062,0.6911,0.0349,0.6943,8,1,1,32,46.0903189453125
write,2925.9064,0.0837,131072.0,16384.0,0.0058,0.7,0.0302,0.703,8,2,1,32,45.52063466796875
write,2899.6176,0.0848,131072.0,16384.0,0.0061,0.7063,0.0289,0.7095,8,3,1,32,45.104665625
write,2907.9338,0.0826,131072.0,16384.0,0.0064,0.7043,0.0584,0.7076,8,4,1,32,45.2250806640625
write,6471.1911,0.1141,131072.0,16384.0,0.0066,0.9494,0.0607,0.9531,24,0,1,32,100.72849248046874
write,6608.5774,0.109,131072.0,16384.0,0.006,0.9297,0.0656,0.9328,24,1,1,32,102.91736640625
write,6575.6724,0.109,131072.0,16384.0,0.006,0.9344,0.0664,0.9375,24,2,1,32,102.4013021484375
write,6575.659,0.1083,131072.0,16384.0,0.0061,0.9344,0.0678,0.9375,24,3,1,32,102.39966142578125
write,6604.741,0.1074,131072.0,16384.0,0.0061,0.9302,0.0711,0.9334,24,4,1,32,102.84991083984374
